Sample;Locus;Sequence;Reads
S10;D19S433;CT CTCT [TTCT]2 CTCT [CCTT]11 CCTA CCTT CTTT CCTT;14
S10;D19S433;CT CTCT TTCT TCCT CTCT [CCTT]3 CTTT [CCTT]7 CCTA CCTT CTTT CCTT;12
S100;D3S1358;TCTA [TCTG]2 [TCTA]12 TCCA;14
S101;FGA;GGAT GGAA GGAG [AAAG]17 AGAA AAAA [GAAA]3;10
S102;D7S820;AAC TATC AATC TGTC [TATC]9;10
S103;D13S317;[TATC]6 CATC TATC [AATC]2 [ATCT]3 TTCT GTCT GTC;10
S103;D19S433;CT CTCT [TTCT]2 CTCT [CCTT]12 CCTA CCTT CTTT CCTT;10
S103;D19S433;CT CTCT [TTCT]2 CTCT [CCTT]10 CCTA CCTT CTTT CCTT;10
S103;D6S1043;[ATCT]10 ATAT [ATCT]2;10
S103;D7S820;AAAC TATC ACTC TGTC [TATC]12;11
S104;D7S820;AAC TATC AATC TGTC [TATC]10;10
S105;D19S433;CT CTCT [TTCT]2 CTCT [CCTT]10 CCTA CCTT CTTT CCTT;10
S106;D19S433;CT CTCT [TTCT]2 CTCT [CCTT]12 CCTA CCTT CTTT CCTT;14
S106;D19S433;CT CTCT TTCT TCCT CTCT [CCTT]5 CTTT [CCTT]6 CCTA CCTT CTTT CCTT;10
S106;D19S433;CT CTCT TTCT TCCT CTCT [CCTT]2 CTTT [CCTT]9 CCTA CCTT CTTT CCTT;10
S107;D7S820;AAC TATC AATC TGTC [TATC]8;14
S108;D12S391;[AGAT]2 GGAT [AGAT]8 [AGAC]6 AGAT;11
S11;D19S433;CT CTCT [TTCT]2 CTCT [CCTT]12 CCTA CCTT CTTT CCTT;11
S111;D4S2408;ATCC [ATCT]8;10
S112;D7S820;AAC TATC AATC TGTC [TATC]10;10
S113;D19S433;CT CTCT [TTCT]2 CTCT [CCTT]13 CCTA CCTT CTTT CCTT;11
S113;D9S1122;TAGG [TAGA]10;10
S114;D3S1358;TCTA [TCTG]2 [TCTA]9 CCTA TCTA;12
S115;D19S433;CT CTCT [TTCT]2 CTCT [CCTT]12 CCTA CCTT CTTT CCTT;19
S115;D7S820;A AAAC TATC AATC TGTC [TATC]8;11
S115;PENTA D;AAAAA G [AAAGA]9;10
S116;D3S1358;TCTA [TCTG]2 TCTT [TCTA]14;11
S116;D6S1043;ATAT [ATCT]10;14
S116;D7S820;AAC TATC AATC TGTC [TATC]12;11
S116;D9S1122;TATA [TAGA]11;12
S117;D19S433;CT CTCT [TTCT]2 CTCT [CCTT]11 CCTA CCTT CTTT CCTT;11
S117;D9S1122;[TAGA]12;11
S118;D7S820;A AAAC TATC AATC TGTC [TATC]9;11
S119;D7S820;AAC TATC AATC TGTC [TATC]9;10
S12;D19S433;CT CTCT TTCT TCCT CTCT [CCTT]7 CTTT [CCTT]5 CCTA CCTT CTTT CCTT;14
S12;D19S433;CT CTCT [TTCT]2 CTCT [CCTT]13 CCTA CCTT CTTT CCTT;14
S120;D19S433;CT CTCT [TTCT]2 CTCT [CCTT]11 CCTA CCTT CTTT CCTT;12
S120;D7S820;A AAAC TATC AATC TGTC [TATC]8;10
S121;D19S433;CT CTCT [TTCT]2 CTCT [CCTT]12 CCTA CCTT CTTT CCTT;14
S121;D7S820;AAC TATC AATC TGTC [TATC]11;19
S121;D7S820;A AAAC TATC AATC TGTC [TATC]11;18
S122;D6S1043;[ATCT]9 ATAT [ATCT]2;17
S124;D19S433;CT CTCT TTCT TCCT CTCT [CCTT]5 CTTT [CCTT]6 CCTA CCTT CTTT CCTT;10
S124;D19S433;CT CTCT [TTCT]2 CTCT [CCTT]12 CCTA CCTT CTTT CCTT;10
S124;TH01;[AATG]2 AACG [AATG]3 ATG [AATG]3;10
S125;D13S317;[TATC]12 [AATC]2 [ATCT]2 ATTT [TCTG]2 TC;11
S125;D3S1358;TCTA [TCTG]2 [TCTA]5 TATA [TCTA]6;14
S125;D7S820;AAC TATC AATC TGTC [TATC]11;12
S127;D19S433;CT CTCT TTCT TCTT CTCT [CCTT]11 CCTA CCTT CTTT CCTT;11
S127;D9S1122;TAGA TCGA [TAGA]6 CAGA [TAGA]4;11
S128;D10S1248;GGAA GGGA [GGAA]11;10
S129;D19S433;CT CTCT TTCT TCCT CTCT [CCTT]3 CTTT [CCTT]6 CCTA CCTT CTTT CCTT;13
S129;TH01;[AATG]4 GATG AATG;10
S13;D19S433;CT CTCT [TTCT]2 CTCT [CCTT]12 CCTA CCTT CTTT CCTT;10
S13;D4S2408;ATAT [ATCT]7;10
S13;D7S820;AAC TATC AATC TGTC [TATC]12;10
S13;TH01;[AATG]8 AACG;16
S131;FGA;[GGAA]2 GGAG [AAAG]13 AG AAAA A [GAAA]3;20
S132;D19S433;CT CTCT TTCT TCCT CTCT [CCTT]2 CTTT [CCTT]6 CCTA CCTT CTTT CCTT;10
S133;D7S820;A AAAC TATC AATC TGTC [TATC]10;11
S133;TH01;AATG AACG [AATG]4 ATG [AATG]3;12
S135;D19S433;CT CTCT [TTCT]2 CTCT [CCTT]12 CCTA CCTT CTTT CCTT;10
S135;D19S433;CT CTCT [TTCT]2 CTCT [CCTT]10 CCTA CCTT CTTT CCTT;10
S135;D7S820;AAC TATC AATC TGTC [TATC]11;10
S136;D19S433;CT CTCT [TTCT]2 CTCT [CCTT]11 CCTA CCTT CTTT CCTT;14
S136;D20S482;ATAT [AGAT]13;19
S137;D19S433;CT CTCT [TTCT]2 CTCT [CCTT]11 CCTA CCTT CTTT CCTT;13
S137;D7S820;AAC TATC AATC TGTC [TATC]9;12
S138;D13S317;[TATC]14 AATC ATAT [ATCT]2 TTCT GTCT GTC;16
S138;TH01;[AATG]2 AATT [AATG]3;10
S14;D19S433;CT CTCT TTCT TCCT CTCT [CCTT]8 CTTT [CCTT]5 CCTA CCTT CTTT CCTT;10
S14;D19S433;CT CTCT [TTCT]2 CTCT [CCTT]14 CCTA CCTT CTTT CCTT;10
S14;D7S820;AAC TATC AATC TGTC [TATC]12;11
S140;D19S433;CT CTCT TTCT TCCT CTCT [CCTT]6 CTTT [CCTT]5 CCTA CCTT CTTT CCTT;13
S140;D19S433;CT CTCT TTCT TCTT CTCT [CCTT]12 CCTA CCTT CTTT CCTT;10
S140;D19S433;CT CTCT [TTCT]2 CTCT [CCTT]12 CCTA CCTT CTTT CCTT;10
S140;D3S1358;[TCTA]15;10
S141;D19S433;CT CTCT [TTCT]2 CTCT [CCTT]12 CCTA CCTT CTTT CCTT;13
S141;D19S433;CT CTCT TTCT TCTT CTCT [CCTT]12 CCTA CCTT CTTT CCTT;11
S142;D19S433;CT CTCT [TTCT]2 CTCT [CCTT]11 CCTA CCTT CTTT CCTT;25
S143;D7S820;AAC TATC AATC TGTC [TATC]9;12
S143;TH01;AACG [AATG]8;10
S144;D7S820;AAC TATC AATC TGTC [TATC]9;15
S144;D7S820;A AAAC TATC AATC TGTC [TATC]9;14
S145;D9S1122;[TAGA]12;10
S146;TH01;[AATG]6 AAAG;12
S147;D19S433;CT CTCT [TTCT]2 CTCT [CCTT]11 CCTA CCTT CTTT CCTT;13
S147;D19S433;CT CTCT TTCT TCTT CTCT [CCTT]11 CCTA CCTT CTTT CCTT;12
S148;D2S441;[TCTA]7 TATA [TCTA]3;11
S148;D7S820;AAC TATC AATC TGTC [TATC]10;16
S149;D19S433;CT CTCT [TTCT]2 CTCT [CCTT]12 CCTA CCTT CTTT CCTT;16
S149;D19S433;CT CTCT TTCT TACT CTCT [CCTT]12 CCTA CCTT CTTT CCTT;10
S149;D7S820;A AAAC TATC AATC TGTC [TATC]10;12
S15;D4S2408;ATCC [ATCT]7;12
S15;D7S820;A AAAC TATC AATC TGTC [TATC]11;12
S15;D7S820;AAC TATC AATC TGTC [TATC]11;10
S150;D19S433;CT CTCT [TTCT]2 CTCT [CCTT]12 CCTA CCTT CTTT CCTT;12
S151;D10S1248;[GGAA]6 GTAA [GGAA]7;18
S152;D7S820;AAC TATC AATC TGTC [TATC]9;10
S153;D19S433;CT CTCT [TTCT]2 CTCT [CCTT]11 CCTA CCTT CTTT CCTT;10
S155;D17S1301;AGAT ATAT [AGAT]10;10
S156;D19S433;CT CTCT [TTCT]2 CTCT [CCTT]12 CCTA CCTT TT CCTT;13
S156;TH01;[AATG]3 AATT [AATG]3;24
S158;D7S820;A AAAC TATC AATC TGTC [TATC]9;10
S159;D7S820;AAC TATC AATC TGTC [TATC]9;13
S159;D9S1122;TAGA TCGA [TAGA]5 CAGA [TAGA]5;12
S16;D19S433;CT CTCT [TTCT]2 CTCT [CCTT]11 CCTA CCTT CTTT CCTT;15
S16;D20S482;[AGAT]14 AGAG;11
S16;D7S820;A AAAC TATC AATC TGTC [TATC]11;12
S16;TH01;AAAG [AATG]5 ATG [AATG]3;11
S161;D19S433;CT CTCT TTCT TCTT CTCT [CCTT]13 CCTA CCTT CTTT CCTT;12
S163;PENTA D;AAAGA AAGA [AAAGA]10;11
S164;D8S1179;TCTA TCTG [TCTA]7 TCCA [TCTA]3;12
S164;D9S1122;TAGA TCGA [TAGA]8 TATA [TAGA]3;14
S166;TH01;[AATG]6 ATG AATG ATTG AATG;34
S168;D19S433;CT CTCT TTCT TCCT CTCT CCTT CTTT [CCTT]8 CCTA CCTT CTTT CCTT;11
S168;D19S433;CT CTCT [TTCT]2 CTCT [CCTT]10 CCTA CCTT CTTT CCTT;11
S168;D7S820;A AAAC TATC AATC TGTC [TATC]9;18
S168;D7S820;AAC TATC AATC TGTC [TATC]9;15
S169;D19S433;CT CTCT [TTCT]2 CTCT [CCTT]12 CCTA CCTT CTTT CCTT;15
S169;D20S482;[AGAT]4 ATAT [AGAT]9;14
S169;PENTA D;AAAAA G [AAAGA]9;12
S17;D20S482;[AGAT]12 ATAT [AGAT]2;10
S17;D2S441;[TCTA]6 TATA [TCTA]4;12
S170;D19S433;CT CTCT [TTCT]2 CTCT [CCTT]11 CCTA CCTT CTTT CCTT;22
S170;D7S820;A AAAC TATC AATC TGTC [TATC]10;13
S171;D7S820;A AAAC TATC AATC TGTC [TATC]8;12
S172;D19S433;CT CTCT [TTCT]2 CTCT [CCTT]12 CCTA CCTT CTTT CCTT;11
S172;D19S433;CT CTCT TTCT TCTT CTCT [CCTT]11 CCTA CCTT CTTT CCTT;11
S173;D19S433;CT CTCT [TTCT]2 CTCT [CCTT]13 CCTA CCTT TT CCTT;11
S175;D20S482;[AGAT]6 ATAT [AGAT]6;13
S175;D8S1179;TCTA TCTG [TCTA]2 TATA [TCTA]9;26
S176;D19S433;CT CTCT [TTCT]2 CTCT [CCTT]13 CCTA CCTT CTTT CCTT;10
S177;D19S433;CT CTCT [TTCT]2 CTCT [CCTT]10 CCTA CCTT CTTT CCTT;10
S177;D7S820;AAC TATC AATC TGTC [TATC]10;16
S178;D19S433;CT CTCT [TTCT]2 CTCT [CCTT]13 CCTA CCTT CTTT CCTT;17
S178;D19S433;CT CTCT TTCT TCCT CTCT [CCTT]5 CTTT [CCTT]7 CCTA CCTT CTTT CCTT;10
S178;D20S482;[AGAT]13 AGAG;12
S178;D7S820;A AAAC TATC AATC TGTC [TATC]9;12
S178;D9S1122;[TAGA]12;10
S178;TH01;AGTG [AATG]6;20
S178;TH01;[AATG]3 AAAG [AATG]3;11
S179;D16S539;[GATA]8 TATA;19
S179;TH01;AACG [AATG]7;17
S18;D13S317;[TATC]13 AATC [ATCT]3 TTCT GCCT GTC;19
S18;D19S433;CT CTCT [TTCT]2 CTCT [CCTT]12 CCTA CCTT CTTT CCTT;14
S18;D19S433;CT CTCT TTCT TACT CTCT [CCTT]12 CCTA CCTT CTTT CCTT;11
S18;D7S820;A AAAC TATC AATC TGTC [TATC]12;10
S18;D9S1122;[TAGA]11;13
S18;TH01;[AATG]5 AATA AATG;11
S180;D19S433;CT CTCT [TTCT]2 CTCT [CCTT]12 CCTA CCTT CTTT CCTT;11
S180;D3S1358;TCTA [TCTG]2 [TCTA]5 CCTA [TCTA]5;18
S181;D19S433;CT CTCT TTCT TCTT CTCT [CCTT]12 CCTA CCTT CTTT CCTT;15
S181;D19S433;CT CTCT TTCT TACT CTCT [CCTT]12 CCTA CCTT CTTT CCTT;10
S182;D7S820;AAC TATC AATC TGTC [TATC]10;10
S184;D7S820;AAC TATC AATC TGTC [TATC]11;12
S184;D7S820;A AAAC TATC AATC TGTC [TATC]11;10
S185;TH01;[AATG]4 GATG [AATG]4;14
S186;D7S820;AAC TATC AATC TGTC [TATC]9;11
S187;D19S433;CT CTCT [TTCT]2 CTCT [CCTT]12 CCTA CCTT CTTT CCTT;10
S187;D7S820;A AAAC TATC AATC TGTC [TATC]11;13
S187;D7S820;AAC TATC AATC TGTC [TATC]11;10
S19;D20S482;[AGAT]10 AGGT [AGAT]3;11
S19;D7S820;AAC TATC AATC TGTC [TATC]8;12
S193;TH01;[AATG]5 AATTATG [AATG]3;12
S194;D19S433;CT CTCT TTCT TCCT CTCT [CCTT]7 CTTT [CCTT]5 CCTA CCTT TT CCTT;11
S194;D20S482;ATAT [AGAT]12;10
S194;D3S1358;TCTA [TCTG]3 [TCTA]2 TATA [TCTA]10;14
S194;D6S1043;[ATCT]5 ATGT [ATCT]3 ATGT [ATCT]10;21
S194;TH01;AATT [AATG]5 ATG [AATG]3;18
S20;D19S433;CT CTCT [TTCT]2 CTCT [CCTT]13 CCTA CCTT CTTT CCTT;15
S20;D4S2408;ATCC [ATCT]8;11
S20;D7S820;A AAAC TATC AATC TGTC [TATC]11;16
S20;D9S1122;[TAGA]11;10
S200;D19S433;CT CTCT TTCT TCCT CTCT [CCTT]3 CTTT [CCTT]6 CCTA CCTT CTTT CCTT;13
S200;D7S820;A AAAC TATC AATC TGTC [TATC]10;12
S201;D17S1301;[AGAT]9 ATAT [AGAT]2;11
S201;D9S1122;[TAGA]12;11
S201;D9S1122;TAGA TCGA TAGA TCGA [TAGA]8;10
S201;TH01;[AATG]2 GATG [AATG]3;10
S201;TH01;GATG [AATG]8;10
S202;D19S433;CT CTCT TTCT TCCT CTCT [CCTT]3 CTTT [CCTT]7 CCTA CCTT CTTT CCTT;13
S203;D19S433;CT CTCT [TTCT]2 CTCT [CCTT]11 CCTA CCTT CTTT CCTT;11
S204;D20S482;AGAT ATAT [AGAT]7;10
S204;TH01;[AATG]2 GATG [AATG]3;11
S205;D3S1358;TATA [TCTG]2 [TCTA]13;10
S205;D7S820;A AAAC TATC AATC TGTC [TATC]9;10
S207;TH01;AATG AACG [AATG]5;11
S208;TH01;[AATG]6 ATG AATG AACG AATG;12
S21;D7S820;AAC TATC AATC TGTC [TATC]8;10
S210;D19S433;CT CTCT [TTCT]2 CTCT [CCTT]12 CCTA CCTT CTTT CCTT;10
S210;D20S482;[AGAT]12 ATAT AGAT;15
S210;D3S1358;TCTA [TCTG]2 [TCTA]5 TATA [TCTA]6;17
S210;D3S1358;TCTA TCTT TCTG [TCTA]13;11
S211;D3S1358;TCTA [TCTG]2 TATA [TCTA]12;15
S213;D6S1043;[ATCT]6 ATAT [ATCT]5;10
S214;D13S317;[TATC]12 [AATC]2 [ATCT]2 ATAT TTCT GTCT GTC;14
S214;D6S1043;[ATCT]5 ATGT [ATCT]6 ATAT [ATCT]7;13
S215;D19S433;CT CTCT TTCT TCTT CTCT [CCTT]10 CCTA CCTT CTTT CCTT;14
S215;D7S820;AAC TATC AATC TGTC [TATC]10;13
S217;D7S820;AAAC TATC AATC TGTA [TATC]8;13
S218;D20S482;[AGAT]2 ATAT [AGAT]12;12
S22;D7S820;A AAAC TATC AATC TGTC [TATC]11;13
S220;D6S1043;[ATCT]5 ATGT [ATCT]10 ATAT;21
S220;D9S1122;[TAGA]13;12
S226;TH01;[AATG]2 AATT [AATG]3;12
S23;D19S433;CT CTCT [TTCT]2 CTCT [CCTT]11 CCTA CCTT CTTT CCTT;11
S232;D4S2408;ATCC [ATCT]10;11
S233;D19S433;CT CTCT TTCT TACT CTCT [CCTT]11 CCTA CCTT CTTT CCTT;10
S233;D7S820;A AAAC TATC AATC TGTC [TATC]8;17
S233;TH01;[AATG]2 ACTG [AATG]3;21
S234;D20S482;[AGAT]12 ATAT AGAT;10
S234;D7S820;A AAAC TATC AATC TGTC [TATC]10;11
S234;PENTA D;AAAGA AAGA [AAAGA]11;10
S236;D19S433;CT CTCT TTCT TCCT CTCT [CCTT]3 CTTT [CCTT]7 CCTA CCTT CTTT CCTT;10
S237;PENTA D;AAAAA G [AAAGA]12;12
S238;D19S433;CT CTCT [TTCT]2 CTCT [CCTT]12 CCTA CCTT CTTT CCTT;11
S238;D7S820;A AAAC TATC AATC TGTC [TATC]10;11
S238;D9S1122;[TAGA]14;10
S238;TH01;AACG [AATG]6;10
S239;D19S433;CT CTCT TTCT TCCT CTCT [CCTT]3 CTTT [CCTT]6 CCTA CCTT CTTT CCTT;12
S239;D7S820;AAC TATC AATC TGTC [TATC]9;10
S24;D4S2408;ATCC [ATCT]10;12
S24;D7S820;A AAAC TATC AATC TGTC [TATC]10;12
S24;D9S1122;[TAGA]13;10
S240;D19S433;CT CTCT TTCT TCCT CTCT [CCTT]5 CTTT [CCTT]8 CCTA CCTT CTTT CCTT;10
S240;TH01;[AATG]4 GATG;12
S241;D20S482;[AGAT]14 ATAT;17
S241;D7S820;AAC TATC AATC TGTC [TATC]11;12
S242;D10S1248;[GGAA]10 GGAC [GGAA]2;10
S242;D7S820;A AAAC TATC AATC TGTC [TATC]8;11
S242;D7S820;AAC TATC AATC TGTC [TATC]12;10
S242;TH01;AATG GATG [AATG]7;10
S243;D19S433;CT CTCT TTCT TCCT CTCT [CCTT]4 CTTT [CCTT]6 CCTA CCTT CTTT CCTT;14
S245;D19S433;CT CTCT TTCT TCCT CTCT [CCTT]3 CTTT [CCTT]6 CCTA CCTT CTTT CCTT;15
S245;D3S1358;A TCTA [TCTG]2 [TCTA]11;19
S249;D3S1358;TCTA [TCTG]2 [TCTA]7 TCGA [TCTA]3;20
S249;D7S820;AAC TATC AATC TGTC [TATC]10;10
S250;PENTA D;AAAAA G [AAAGA]9;10
S251;D19S433;CT CTCT TTCT TCCT CTCT [CCTT]5 CTTT [CCTT]5 CCTA CCTT CTTT CCTT;10
S251;D7S820;AAC TATC AATC TGTC [TATC]10;12
S251;D7S820;A AAAC TATC AATC TGTC [TATC]10;10
S251;PENTA D;AAAAA G [AAAGA]13;13
S251;PENTA D;AAAGA AAGA [AAAGA]12;10
S252;D13S317;[TATC]7 TATA [TATC]2 [AATC]2 [ATCT]3 TTCT GTCT GTC;11
S252;D7S820;AAC TATC AATC TGTC [TATC]10;16
S252;D7S820;A AAAC TATC AATC TGTC [TATC]10;15
S253;D22S1045;TT [ATT]10 ACT [ATT]2;11
S253;D8S1179;TCTA TCTG [TCTA]10 TATA TCTA;13
S254;D6S1043;[ATCT]10 ATCA;11
S256;D19S433;CT CTCT [TTCT]2 CTCT [CCTT]12 CCTA CCTT CTTT CCTT;11
S256;D7S820;AAC TATC AATC TGTC [TATC]10;10
S26;D19S433;CT CTCT [TTCT]2 CTCT [CCTT]12 CCTA CCTT CTTT CCTT;10
S260;TH01;[AATG]5 GATG;10
S263;D19S433;CT CTCT [TTCT]2 CTCT [CCTT]11 CCTA CCTT CTTT CCTT;12
S263;D6S1043;[ATCT]5 ATGT [ATCT]10 GTCT;13
S264;D19S433;CT CTCT [TTCT]2 CTCT [CCTT]11 CCTA CCTT CTTT CCTT;15
S264;PENTA D;AAAAA G [AAAGA]12;11
S265;D19S433;CT CTCT [TTCT]2 CTCT [CCTT]12 CCTA CCTT CTTT CCTT;14
S265;D19S433;CT CTCT TTCT TCTT CTCT [CCTT]12 CCTA CCTT CTTT CCTT;12
S265;D19S433;CT CTCT TTCT TCCT CTCT [CCTT]3 CTTT [CCTT]8 CCTA CCTT CTTT CCTT;11
S265;D7S820;A AAAC TATC AATC TGTC [TATC]7;13
S265;D7S820;AAC TATC AATC TGTC [TATC]8;10
S265;D9S1122;[TAGA]13;17
S266;D19S433;CT CTCT [TTCT]2 CTCT [CCTT]11 CCTA CCTT CTTT CCTT;10
S266;D4S2408;[ATCT]4 ATAT [ATCT]3;11
S266;D7S820;A AAAC TATC AATC TGTC [TATC]9;11
S268;D9S1122;[TAGA]12;15
S27;D19S433;CT CTCT [TTCT]2 CTCT [CCTT]12 CCTA CCTT CTTT CCTT;24
S27;D19S433;CT CTCT TTCT TACT CTCT [CCTT]12 CCTA CCTT CTTT CCTT;15
S27;D19S433;CT CTCT TTCT TCTT CTCT [CCTT]12 CCTA CCTT CTTT CCTT;14
S27;D19S433;CT CTCT TTCT TCCT CTCT [CCTT]4 CTTT [CCTT]7 CCTA CCTT CTTT CCTT;10
S27;D22S1045;TT [ATT]7 ACT [ATT]2;12
S27;D7S820;A AAAC TATC AATC TGTC [TATC]11;10
S27;D9S1122;TAGA CAGA [TAGA]9;23
S27;TH01;GATG [AATG]7;11
S272;D7S820;A AAAC TATC AATC TGTC [TATC]8;12
S273;D7S820;AAC TATC AATC TGTC [TATC]10;18
S273;D7S820;A AAAC TATC AATC TGTC [TATC]10;13
S273;PENTA D;AAAAA G [AAAGA]9;12
S278;D7S820;A AAAC TATC AATC TGTC [TATC]9;10
S279;PENTA D;AAAAA G [AAAGA]10;10
S28;D19S433;CT CTCT [TTCT]2 CTCT [CCTT]12 CCTA CCTT CTTT CCTT;13
S28;D20S482;[AGAT]13 GGAT;20
S28;D7S820;AAC TATC AATC TGTC [TATC]10;16
S28;D7S820;A AAAC TATC AATC TGTC [TATC]10;14
S28;TH01;[AATG]6 ATG [AATG]3;11
S281;D19S433;CT CTCT TTCT TCCT CTCT [CCTT]6 CTTT [CCTT]6 CCTA CCTT TT CCTT;10
S281;D7S820;AAC TATC AATC TGTC [TATC]9;12
S282;D19S433;CT CTCT TTCT TCCT CTCT [CCTT]5 CTTT [CCTT]7 CCTA CCTT TT CCTT;14
S284;D19S433;CT CTCT TTCT TCCT CTCT [CCTT]3 CTTT [CCTT]8 CCTA CCTT CTTT CCTT;10
S284;D7S820;A AAAC TATC AATC TGTC [TATC]8;12
S286;D7S820;AAC TATC AATC TGTC [TATC]11;11
S289;D19S433;CT CTCT TTCT TCTT CTCT [CCTT]11 CCTA CCTT CTTT CCTT;11
S289;D7S820;A AAAC TATC AATC TGTC [TATC]10;26
S289;D7S820;AAC TATC AATC TGTC [TATC]10;10
S289;TH01;[AATG]6 ATG [AATG]3;10
S29;D3S1358;TCTA [TCTG]2 TCTA TCCA [TCTA]12;10
S29;D9S1122;TAGA TCGA [TAGA]5 TATA [TAGA]5;10
S290;D19S433;CT CTCT TTCT TCCT CTCT [CCTT]7 CTTT [CCTT]4 CCTA CCTT CTTT CCTT;13
S290;D19S433;CT CTCT TTCT TCTT CTCT [CCTT]12 CCTA CCTT CTTT CCTT;13
S290;D20S482;[AGAT]12 AGAG;12
S290;PENTA D;AAAGA AAGA [AAAGA]11;13
S291;D19S433;CT CTCT TTCT TCCT CTCT [CCTT]7 CTTT [CCTT]4 CCTA CCTT CTTT CCTT;11
S291;D6S1043;[ATCT]5 ATGT [ATCT]10 ATAT;11
S291;PENTA D;AAAAA G [AAAGA]10;16
S292;D19S433;CT CTCT TTCT TCTT CTCT [CCTT]11 CCTA CCTT CTTT CCTT;13
S292;D7S820;A AAAC TATC AATC TGTC [TATC]10;12
S292;D7S820;AAC TATC AATC TGTC [TATC]10;10
S292;PENTA D;AAAAA G [AAAGA]9;32
S293;D19S433;CT CTCT TTCT TCCT CTCT [CCTT]3 CTTT [CCTT]6 CCTA CCTT CTTT CCTT;10
S293;D19S433;CT CTCT TTCT TCTT CTCT [CCTT]10 CCTA CCTT CTTT CCTT;10
S293;D6S1043;ATAT [ATCT]12;13
S293;D7S820;A AAAC TATC AATC TGTC [TATC]8;28
S293;D7S820;AAC TATC AATC TGTC [TATC]8;17
S294;TH01;AGTG [AATG]9;12
S295;D16S539;GATA AATA [GATA]9;17
S295;D19S433;CT CTCT TTCT TCCT CTCT [CCTT]5 CTTT [CCTT]6 CCTA CCTT CTTT CCTT;11
S295;D20S482;[AGAT]13 AGAG;12
S295;D4S2408;ATAT [ATCT]8;10
S295;D7S820;A AAAC TATC AATC TGTC [TATC]10;23
S295;D9S1122;TAGA TTGA [TAGA]10;13
S295;D9S1122;[TAGA]12;11
S295;TH01;[AATG]4 GATG AATG ATG [AATG]3;11
S296;D19S433;CT CTCT TTCT TCCT CTCT [CCTT]7 CTTT [CCTT]6 CCTA CCTT TT CCTT;11
S296;D19S433;CT CTCT TTCT TCCT CTCT [CCTT]14 CCTA CCTT TT CCTC;10
S296;D7S820;A AAAC TATC AATC TGTC [TATC]10;32
S296;D7S820;AAC TATC AATC TGTC [TATC]10;23
S296;TH01;GATG [AATG]6;10
S297;D20S482;[AGAT]13 AGAG;12
S297;D7S820;AAC TATC AATC TGTC [TATC]8;15
S297;TH01;[AATG]6 ATG [AATG]3;10
S298;D19S433;CT CTCT [TTCT]2 CTCT [CCTT]11 CCTA CCTT CTTT CCTT;20
S298;D19S433;CT CTCT TTCT TCCT CTCT [CCTT]5 CTTT [CCTT]5 CCTA CCTT CTTT CCTT;14
S298;D6S1043;ACCT [ATCT]10;10
S298;D7S820;A AAAC TATC AATC TGTC [TATC]8;23
S298;D8S1179;[TCTA]15;14
S298;TH01;[AATG]3 AGTG [AATG]2 ATG [AATG]3;30
S298;TH01;AATG AATT [AATG]4 ATG [AATG]3;27
S298;TH01;[AATG]6 ATG GATG [AATG]2;17
S298;TH01;[AATG]7;16
S298;TH01;[AATG]6 ATG [AATG]2 GATG;14
S298;TH01;[AATG]6 ATG AATG GATG AATG;12
S298;TH01;AATG GATG [AATG]4 ATG [AATG]3;12
S298;TH01;GATG [AATG]5 ATG [AATG]3;11
S298;TH01;AAAG [AATG]5 ATG [AATG]3;10
S299;D19S433;CT CTCT [TTCT]2 CTCT [CCTT]11 CCTA CCTT CTTT CCTT;16
S299;D6S1043;[ATCT]10 ATCC;18
S299;D7S820;AAC TATC AATC TGTC [TATC]11;11
S3;D12S391;[AGAT]7 ATAT [AGAT]5 [AGAC]9;11
S3;D19S433;CT CTCT TTCT TCCT CTCT [CCTT]7 CTTT [CCTT]4 CCTA CCTT CTTT CCTT;11
S3;D7S820;A AAAC TATC AATC TGTC [TATC]10;21
S3;D9S1122;TAGA TTGA [TAGA]10;10
S30;D19S433;CT CTCT [TTCT]2 CTCT [CCTT]10 CCTA CCTT CTTT CCTT;12
S30;D7S820;AAC TATC AATC TGTC [TATC]12;10
S30;TH01;[AATG]6 ATG [AATG]2 AACG;26
S300;D19S433;CT CTCT [TTCT]2 CTCT [CCTT]11 CCTA CCTT CTTT CCTT;11
S300;D19S433;CT CTCT TTCT TACT CTCT [CCTT]11 CCTA CCTT CTTT CCTT;11
S300;D20S482;[AGAT]12 AGAG;15
S300;D3S1358;TCTA [TCTG]2 [TCTA]10 TCCA [TCTA]2;10
S300;D6S1043;[ATCT]11 GTCT ATCT;11
S300;D7S820;A AAAC TATC AATC TGTC [TATC]11;28
S300;D7S820;AAC TATC AATC TGTC [TATC]11;14
S300;TH01;[AATG]6 ATG [AATG]3;12
S301;D4S2408;[ATCT]5 AACT [ATCT]5;10
S301;D7S820;A AAAC TATC AATC TGTC [TATC]11;25
S301;D7S820;AAC TATC AATC TGTC [TATC]9;13
S301;PENTA D;AAAAA G [AAAGA]8;10
S302;D19S433;CT CTCT [TTCT]2 CTCT [CCTT]12 CCTA CCTT CTTT CCTT;19
S302;D9S1122;[TAGA]11;15
S302;PENTA D;AAAAA G [AAAGA]12;10
S302;TH01;[AATG]6 ATG [AATG]3;14
S302;TH01;[AATG]5 GATG;11
S303;D7S820;A AAAC TATC AATC TGTC [TATC]11;24
S303;D9S1122;TAGA TCAA [TAGA]11;10
S303;PENTA D;AAAAA G [AAAGA]13;12
S304;D7S820;A AAAC TATC AATC TGTC [TATC]9;10
S304;FGA;[GGAA]2 GGAG AAAG AAAT [AAAG]13 AGAA AAAA [GAAA]3;15
S304;TH01;[AATG]6 ATG AATA [AATG]2;12
S305;D20S482;[AGAT]13 AGAG;11
S305;D20S482;[AGAT]9 CGAT [AGAT]3;10
S305;D7S820;AAC TATC AATC TGTC [TATC]11;11
S305;PENTA D;AAAAA G [AAAGA]8;13
S306;D7S820;AAC TATC AATC TGTC [TATC]8;13
S306;D9S1122;[TAGA]13;14
S306;PENTA D;AAAAA G [AAAGA]9;11
S306;TH01;[AATG]6 ATG [AATG]3;12
S307;D19S433;CT CTCT [TTCT]2 CTCT [CCTT]12 CCTA CCTT CTTT CCTT;10
S307;D7S820;A AAAC TATC AATC TGTC [TATC]11;11
S307;D9S1122;TAGA TCAA [TAGA]11;12
S307;TH01;[AATG]6 ATG [AATG]3;10
S308;D19S433;CT CTCT [TTCT]2 CTCT [CCTT]13 CCTA CCTT CTTT CCTT;12
S308;D20S482;[AGAT]13 AGAG;10
S308;D7S820;A AAAC TATC AATC TGTC [TATC]8;17
S308;D7S820;A AAAC TATC AATC TGTC [TATC]12;17
S308;PENTA D;AAAAA G [AAAGA]13;11
S308;PENTA D;AAAGA AAGA [AAAGA]12;11
S309;D19S433;CT CTCT TTCT TCCT CTCT TCTT [CCTT]10 CCTA CCTT CTTT CCTT;11
S309;D19S433;CT CTCT TTCT TCTT CTCT [CCTT]11 CCTA CCTT CTTT CCTT;11
S309;D19S433;CT CTCT [TTCT]2 CTCT [CCTT]11 CCTA CCTT CTTT CCTT;10
S309;D7S820;A AAAC TATC AATC TGTC [TATC]8;15
S309;D7S820;AAC TATC AATC TGTC [TATC]8;13
S31;D19S433;CT CTCT [TTCT]2 CTCT [CCTT]11 CCTA CCTT CTTT CCTT;10
S31;D7S820;A AAAC TATC AATC TGTC [TATC]10;13
S31;D7S820;AAC TATC AATC TGTC [TATC]10;11
S310;D19S433;CT CTCT [TTCT]2 CTCT [CCTT]10 CCTA CCTT CTTT CCTT;24
S310;D19S433;CT CTCT TTCT TCTT CTCT [CCTT]10 CCTA CCTT CTTT CCTT;12
S310;D20S482;[AGAT]15 AGAG;17
S310;D20S482;[AGAT]9 AGAG [AGAT]6;10
S310;D9S1122;[TAGA]12;10
S311;D10S1248;[GGAA]5 GTAA [GGAA]9;11
S311;D19S433;CT CTCT [TTCT]2 CTCT [CCTT]12 CCTA CCTT CTTT CCTT;17
S311;D19S433;CT CTCT TTCT TCTT CTCT [CCTT]12 CCTA CCTT CTTT CCTT;12
S311;D7S820;A AAAC TATC AATC TGTC [TATC]9;10
S311;D7S820;A AAAC TATC AATC TGTC [TATC]10;10
S311;PENTA D;AAAAA G [AAAGA]12;10
S312;D19S433;CT CTCT [TTCT]2 CTCT [CCTT]11 CCTA CCTT CTTT CCTT;10
S312;D7S820;A AAAC TATC AATC TGTC [TATC]11;19
S312;D7S820;AAC TATC AATC TGTC [TATC]11;13
S312;D9S1122;[TAGA]12;11
S312;TH01;[AATG]6 ATG [AATG]2 GATG;12
S313;D19S433;CT CTCT [TTCT]2 CTCT [CCTT]11 CCTA CCTT CTTT CCTT;30
S313;D19S433;CT CTCT TTCT TCTT CTCT [CCTT]11 CCTA CCTT CTTT CCTT;20
S313;D19S433;CT CTCT TTCT TACT CTCT [CCTT]11 CCTA CCTT CTTT CCTT;17
S313;D19S433;CT CTCT TTCT TCCT CTCT [CCTT]5 CTTT [CCTT]5 CCTA CCTT CTTT CCTT;12
S313;D19S433;CT CTCT TTCT TCCT CTCT [CCTT]4 CTTT [CCTT]6 CCTA CCTT CTTT CCTT;12
S313;D19S433;CT CTCT TTCT TCCT CTCT [CCTT]3 CTTT [CCTT]7 CCTA CCTT CTTT CCTT;12
S313;D19S433;CT CTCT TTCT TCCT CTCT TCTT [CCTT]10 CCTA CCTT CTTT CCTT;10
S313;D3S1358;TATA [TCTG]2 [TCTA]13;14
S313;D7S820;AAC TATC AATC TGTC [TATC]10;11
S313;D9S1122;TAGA TCAA [TAGA]12;11
S313;TH01;[AATG]5 AACG;12
S313;TH01;[AATG]5 GATG;10
S314;D19S433;CT CTCT [TTCT]2 CTCT [CCTT]12 CCTA CCTT CTTT CCTT;18
S314;D7S820;A AAAC TATC AATC TGTC [TATC]10;11
S314;PENTA D;AAAGA AAGA [AAAGA]12;13
S314;TH01;GATG [AATG]6;12
S315;D3S1358;[TCTA]17;11
S315;TH01;[AATG]6;13
S316;D19S433;CT CTCT [TTCT]2 CTCT [CCTT]13 CCTA CCTT CTTT CCTT;13
S316;D19S433;CT CTCT TTCT TCCT CTCT [CCTT]7 CTTT [CCTT]5 CCTA CCTT CTTT CCTT;11
S316;D19S433;CT CTCT TTCT TCTT CTCT [CCTT]13 CCTA CCTT CTTT CCTT;10
S316;D19S433;CT CTCT TTCT TCTT CTCT [CCTT]11 CCTA CCTT CTTT CCTT;10
S316;D9S1122;[TAGA]13;13
S316;PENTA D;AAAAA G [AAAGA]11;13
S317;D7S820;AAC TATC AATC TGTC [TATC]11;12
S317;TH01;[AATG]6 ATG [AATG]3;14
S317;TH01;GATG [AATG]6;10
S318;D6S1043;[ATCT]10 GTCT;11
S318;D7S820;A AAAC TATC AATC TGTC [TATC]11;17
S318;TH01;[AATG]5 ATG ATG [AATG]3;17
S318;TH01;[AATG]5 AGTGATG [AATG]3;13
S318;TH01;[AATG]6 ATG GATG [AATG]2;11
S318;TH01;GATG [AATG]5 ATG [AATG]3;10
S32;D19S433;CT CTCT [TTCT]2 CTCT [CCTT]12 CCTA CCTT TT CCTT;14
S32;D19S433;CT CTCT [TTCT]2 CTCT [CCTT]11 CCTA CCTT CTTT CCTT;13
S32;D19S433;CT CTCT TTCT TCTT CTCT [CCTT]11 CCTA CCTT CTTT CCTT;11
S32;TH01;[AATG]6 AACG;26
S321;TH01;[AATG]4 AACG AATG;17
S324;D19S433;CT CTCT TTCT TCCT CTCT [CCTT]3 CTTT [CCTT]6 CCTA CCTT CTTT CCTT;10
S325;D10S1248;[GGAA]6 GGAT [GGAA]7;11
S326;D3S1358;TCTA [TCTG]2 [TCTA]8 TCCA [TCTA]5;12
S326;TH01;AACG [AATG]5;15
S329;D19S433;CT CTCT TTCT TCCT CTCT [CCTT]3 CTTT [CCTT]7 CCTA CCTT CTTT CCTT;12
S330;D19S433;CT CTCT [TTCT]2 CTCT [CCTT]11 CCTA CCTT CTTT CCTT;11
S330;D19S433;CT CTCT TTCT TCCT CTCT [CCTT]3 CTTT [CCTT]7 CCTA CCTT CTTT CCTT;10
S330;D7S820;AAC TATC AATC TGTC [TATC]10;13
S332;D22S1045;ATC [ATT]7 ACT [ATT]2;17
S332;D7S820;A AAAC TATC AATC TGTC [TATC]11;12
S333;D19S433;CT CTCT TTCT TCCT CTCT [CCTT]3 CTTT [CCTT]6 CCTA CCTT CTTT CCTT;12
S333;TPOX;[AATG]10 AATA;10
S334;D6S1043;GTCT [ATCT]10;11
S335;D7S820;A AAAC TATC AATC TGTC [TATC]8;29
S335;D7S820;AAC TATC AATC TGTC [TATC]8;22
S336;D19S433;CT CTCT TTCT TCCT CTCT [CCTT]3 CTTT [CCTT]7 CCTA CCTT CTTT CCTT;22
S336;D19S433;CT CTCT [TTCT]2 CTCT [CCTT]11 CCTA CCTT CTTT CCTT;17
S336;D19S433;CT CTCT TTCT TCTT CTCT [CCTT]11 CCTA CCTT CTTT CCTT;16
S336;D19S433;CT CTCT TTTT TCCT CTCT [CCTT]11 CCTA CCTT CTTT CCTT;10
S336;D20S482;[AGAT]13 AGAG;11
S336;D7S820;A AAAC TATC AATC TGTC [TATC]12;12
S336;D7S820;AAC TATC AATC TGTC [TATC]11;11
S336;D9S1122;[TAGA]12;11
S336;PENTA D;AAAAA G [AAAGA]9;10
S336;TH01;[AATG]3 TATG [AATG]2;10
S337;D20S482;[AGAT]7 GGAT [AGAT]7;12
S338;D20S482;[AGAT]4 AGAC [AGAT]9;11
S338;D9S1122;TATA TCGA [TAGA]10;15
S339;D19S433;CT CTCT TTCT TCTT CTCT [CCTT]11 CCTA CCTT CTTT CCTT;10
S339;D4S2408;ATCC [ATCT]7;12
S339;TH01;[AATG]6 ATG [AATG]2 AACG;18
S340;TH01;GATG [AATG]8;10
S341;D19S433;CT CTCT [TTCT]2 CTCT [CCTT]9 CCTA CCTT CTTT CCTT;11
S343;D9S1122;[TAGA]12;10
S344;D3S1358;TCTA [TCTG]2 [TCTA]2 TATA [TCTA]10;12
S344;D7S820;AAC TATC AATC TGTC [TATC]11;12
S345;D7S820;AAC TATC AATC TGTC [TATC]9;10
S346;D19S433;CT CTCT TTCT TACT CTCT [CCTT]12 CCTA CCTT CTTT CCTT;11
S346;D9S1122;[TAGA]11;10
S346;TH01;GATG [AATG]6;10
S35;D19S433;CT CTCT [TTCT]2 CTCT [CCTT]12 CCTA CCTT CTTT CCTT;10
S35;D7S820;AAC TATC AATC TGTC [TATC]10;10
S350;D7S820;A AAAC TATC AATC TGTC [TATC]11;12
S352;D3S1358;TCTA TCTG [TCTA]2 TATA [TCTA]9;13
S354;D19S433;CT CTCT TTCT TCCT CTCT [CCTT]3 CTTT [CCTT]8 CCTA CCTT CTTT CCTT;10
S357;D19S433;CT CTCT [TTCT]2 CTCT [CCTT]10 CCTA CCTT CTTT CCTT;11
S357;D4S2408;ATCC [ATCT]8;11
S357;PENTA D;AAAAA G [AAAGA]11;11
S359;D19S433;CT CTCT TTCT TCCT CTCT [CCTT]12 CCTA CCTT TT CCTC;11
S359;TH01;GATG [AATG]6;13
S359;TH01;[AATG]4 AATA [AATG]2;10
S360;D19S433;CT CTCT [TTCT]2 CTCT [CCTT]11 CCTA CCTT CTTT CCTT;12
S361;D6S1043;[ATCT]2 ATAT [ATCT]8;10
S362;D19S433;CT CTCT [TTCT]2 CTCT [CCTT]10 CCTA CCTT CTTT CCTT;18
S362;TH01;[AATG]6 ATG [AATG]3;12
S363;D19S433;CT CTCT [TTCT]2 CTCT [CCTT]12 CCTA CCTT CTTT CCTT;13
S363;D19S433;CT CTCT TTTT TCCT CTCT [CCTT]12 CCTA CCTT CTTT CCTT;12
S363;D19S433;CT CTCT TTCT TCCT CTCT [CCTT]6 CTTT [CCTT]5 CCTA CCTT CTTT CCTT;10
S363;D19S433;CT CTCT TTCT TCCT CTCT [CCTT]5 CTTT [CCTT]6 CCTA CCTT CTTT CCTT;10
S363;D19S433;CT CTCT TTCT TCTT CTCT [CCTT]12 CCTA CCTT CTTT CCTT;10
S363;D7S820;A AAAC TATC AATC TGTC [TATC]9;11
S363;TH01;[AATG]7 GATG AATG;10
S364;D20S482;AGAT ATAT [AGAT]11;18
S364;D6S1043;[ATCT]5 ATAT [ATCT]5;13
S366;D20S482;[AGAT]4 ATAT [AGAT]9;21
S366;D7S820;A AAAC TATC AATC TGTC [TATC]8;13
S367;D19S433;CT CTCT TTCT TCCT CTCT [CCTT]3 CTTT [CCTT]7 CCTA CCTT CTTT CCTT;12
S367;D19S433;CT CTCT [TTCT]2 CTCT [CCTT]11 CCTA CCTT CTTT CCTT;10
S367;D7S820;A AAAC TATC AATC TGTC [TATC]9;18
S367;D7S820;AAC TATC AATC TGTC [TATC]9;13
S368;D3S1358;TCTA [TCTG]2 [TCTA]3 TATA [TCTA]8;11
S368;D7S820;A AAAC TATC AATC TGTC [TATC]7;10
S368;PENTA D;AAAAA G [AAAGA]12;11
S368;PENTA D;AAAGA AAGA [AAAGA]8;10
S368;TH01;AATG CATG [AATG]4;12
S368;TH01;AATG GATG [AATG]4;11
S369;D7S820;A AAAC TATC AATC TGTC [TATC]10;22
S369;D7S820;AAC TATC AATC TGTC [TATC]10;16
S369;TH01;AATG GATG [AATG]5;13
S370;D4S2408;ATCC [ATCT]8;14
S370;D7S820;A AAAC TATC AATC TGTC [TATC]11;17
S371;D19S433;CT CTCT TTCT TCCT CTCT [CCTT]7 CTTT [CCTT]4 CCTA CCTT CTTT CCTT;10
S373;D9S1122;TAGG [TAGA]11;11
S374;D19S433;CT CTCT TTCT TCCT CTCT [CCTT]3 CTTT [CCTT]8 CCTA CCTT CTTT CCTT;14
S374;D7S820;AAC TATC AATC TGTC [TATC]11;19
S374;D7S820;A AAAC TATC AATC TGTC [TATC]11;11
S374;D9S1122;TAGA TCGA [TAGA]6 CAGA [TAGA]3;22
S374;TH01;AATG GATG [AATG]7;10
S375;TH01;AACG [AATG]5 ATG [AATG]3;20
S376;D19S433;CT CTCT TTCT TCCT CTCT [CCTT]5 CTTT [CCTT]6 CCTA CCTT CTTT CCTT;10
S376;D3S1358;TCTA [TCTG]3 [TCTA]11 ACTA;10
S376;D7S820;AAC TATC AATC TGTC [TATC]10;12
S376;D7S820;A AAAC TATC AATC TGTC [TATC]10;10
S377;D16S539;[GATA]5 TATA [GATA]5;13
S378;D19S433;CT CTCT TTCT TCTT CTCT [CCTT]10 CCTA CCTT CTTT CCTT;10
S378;D20S482;[AGAT]6 ATAT [AGAT]7;20
S378;D9S1122;[TAGA]12;10
S379;D12S391;AGGT [AGAT]9 [AGAC]6 AGAT;11
S379;D19S433;CT CTCT TTCT TCCT CTCT [CCTT]5 CTTT [CCTT]6 CCTA CCTT CTTT CCTT;10
S379;D9S1122;TAGA TTGA [TAGA]9;18
S38;D3S1358;[TCTA]14;10
S38;D9S1122;[TAGA]11;16
S381;TH01;AATG AGTG [AATG]5;22
S387;D19S433;CT CTCT TTCT TCTT CTCT [CCTT]10 CCTA CCTT CTTT CCTT;10
S387;D7S820;AAC TATC AATC TGTC [TATC]11;12
S387;D7S820;A AAAC TATC AATC TGTC [TATC]11;12
S388;D7S820;AAC TATC AATC TGTC [TATC]9;16
S388;D7S820;A AAAC TATC AATC TGTC [TATC]9;14
S39;D7S820;A AAAC TATC AATC TGTC [TATC]8;16
S39;D7S820;AAC TATC AATC TGTC [TATC]8;10
S390;D19S433;CT CTCT TTTT TCCT CTCT [CCTT]10 CCTA CCTT CTTT CCTT;10
S390;FGA;[GGAA]2 GGAG AAAG AAGG [AAAG]10 AGAA AAAA [GAAA]3;11
S392;D19S433;CT CTCT TTCT TCCT CTCT [CCTT]10 CTTT [CCTT]5 CCTA CCTT TT CCTT;10
S392;D7S820;A AAAC TATC AATC TGTC [TATC]9;16
S392;D7S820;AAC TATC AATC TGTC [TATC]9;10
S392;D9S1122;[TAGA]13;10
S393;D19S433;CT CTCT TTCT TCTT CTCT [CCTT]10 CCTA CCTT CTTT CCTT;16
S393;D19S433;CT CTCT TTCT TCCT CTCT [CCTT]3 CTTT [CCTT]6 CCTA CCTT CTTT CCTT;12
S393;D6S1043;[ATCT]10 ATCC;10
S393;PENTA D;AAAAA G [AAAGA]9;12
S395;D19S433;CT CTCT TTCT TCCT CTCT [CCTT]4 CTTT [CCTT]7 CCTA CCTT CTTT CCTT;10
S399;D7S820;A AAAC TATC AATC TGTC [TATC]9;14
S399;D7S820;AAC TATC AATC TGTC [TATC]8;10
S40;D19S433;CT CTCT [TTCT]2 CTCT [CCTT]11 CCTA CCTT CTTT CCTT;13
S40;D19S433;CT CTCT TTCT TCTT CTCT [CCTT]11 CCTA CCTT CTTT CCTT;12
S40;D20S482;[AGAT]2 AGAC [AGAT]11;19
S40;D9S1122;TAGG [TAGA]13;11
S40;TH01;[AATG]6 ATG AACG [AATG]2;11
S400;D19S433;CT CTCT TTCT TCCT CTCT TCTT [CCTT]11 CCTA CCTT CTTT CCTT;10
S401;D20S482;[AGAT]10 ATAT [AGAT]2;14
S402;D19S433;CT CTCT TTCT TCCT CTCT [CCTT]3 CTTT [CCTT]7 CCTA CCTT CTTT CCTT;10
S402;D7S820;AAC TATC AATC TGTC [TATC]12;11
S402;D7S820;A AAAC TATC AATC TGTC [TATC]11;10
S403;D20S482;[AGAT]9 AGAC [AGAT]5;14
S403;D7S820;A AAAC TATC AATC TGTC [TATC]8;15
S404;D7S820;AAC TATC AATC TGTC [TATC]10;11
S406;D12S391;[AGAT]11 [AGAC]8 GGAC;11
S406;D22S1045;ATC [ATT]7 ACT [ATT]2;19
S406;D7S820;A AAAC TATC AATC TGTC [TATC]8;14
S406;D7S820;AAC TATC AATC TGTC [TATC]11;13
S407;D19S433;CT CTCT TTCT TCCT CTCT [CCTT]5 CTTT [CCTT]5 CCTA CCTT CTTT CCTT;11
S407;D19S433;CT CTCT TTCT TCCT CTCT [CCTT]3 CTTT [CCTT]6 CCTA CCTT CTTT CCTT;11
S407;D7S820;AAC TATC AATC TGTC [TATC]10;15
S41;D19S433;CT CTCT TTCT TCCT CTCT [CCTT]7 CTTT [CCTT]5 CCTA CCTT CTTT CCTT;10
S41;D7S820;A AAAC TATC AATC TGTC [TATC]10;10
S41;D8S1179;TCTA TCTG [TCTA]9 TTTA [TCTA]2;13
S41;TH01;GATG [AATG]6;13
S42;D9S1122;[TAGA]12;12
S43;D19S433;CT CTCT [TTCT]2 CTCT [CCTT]11 CCTA CCTT CTTT CCTT;28
S43;D19S433;CT CTCT TTCT TCTT CTCT [CCTT]11 CCTA CCTT CTTT CCTT;15
S43;D19S433;CT CTCT TTCT TCCT CTTT [CCTT]11 CCTA CCTT CTTT CCTT;13
S43;D19S433;CT CTCT TTCT TCCT CTCT CTTT [CCTT]10 CCTA CCTT CTTT CCTT;12
S43;D19S433;CT CTCT TTCT TACT CTCT [CCTT]11 CCTA CCTT CTTT CCTT;12
S43;D19S433;CT CTCT TTCT TCCT CTCT [CCTT]5 CATT [CCTT]5 CCTA CCTT CTTT CCTT;10
S43;D7S820;AAC TATC AATC TGTC [TATC]11;11
S44;D16S539;GACA [GATA]10;28
S44;D19S433;CT CTCT TTCT TCTT CTCT [CCTT]12 CCTA CCTT CTTT CCTT;11
S44;D20S482;[AGAT]14 AGAG;12
S44;D7S820;A AAAC TATC AATC TGTC [TATC]8;17
S44;TPOX;AATT [AATG]7;19
S45;D19S433;CT CTCT [TTCT]2 CTCT [CCTT]11 CCTA CCTT CTTT CCTT;10
S46;D19S433;CT CTCT [TTCT]2 CTCT [CCTT]12 CCTA CCTT CTTT CCTT;14
S46;D19S433;CT CTCT TTCT TACT CTCT [CCTT]12 CCTA CCTT CTTT CCTT;10
S46;D4S2408;ATAT [ATCT]8;10
S47;PENTA D;AAAGA AAGA [AAAGA]11;10
S48;D19S433;CT CTCT [TTCT]2 CTCT [CCTT]11 CCTA CCTT CTTT CCTT;15
S48;D3S1358;TCTA [TCTG]3 TCTA TCTG [TCTA]10;16
S48;TH01;[AATG]2 GATG [AATG]3 ATG [AATG]3;10
S49;D3S1358;TCTA TCTG TATG [TCTA]12;13
S49;TH01;[AATG]6 ATG [AATG]2 ATTG;17
S49;TH01;[AATG]6 ATG [AATG]2 AGTG;12
S5;D16S539;[GATA]7 TATA [GATA]3;10
S51;D19S433;CT CTCT [TTCT]2 CTCT [CCTT]10 CCTA CCTT CTTT CCTT;12
S52;D20S482;[AGAT]5 AGAC [AGAT]8;18
S52;D7S820;A AAAC TATC AATC TGTC [TATC]10;13
S52;TH01;[AATG]2 GATG [AATG]3 ATG [AATG]3;13
S53;D7S820;AAC TATC AATC TGTC [TATC]8;13
S53;TH01;[AATG]6 ACG [AATG]3;14
S54;D9S1122;[TAGA]12;14
S54;PENTA D;AAAAA G [AAAGA]11;14
S54;TH01;AATG GATG [AATG]6;11
S55;D19S433;CT CTCT [TTCT]2 CTCT [CCTT]11 CCTA CCTT CTTT CCTT;15
S55;D9S1122;[TAGA]12;11
S55;TPOX;AATT [AATG]7;11
S56;D3S1358;TCTA TCTG [TCTA]2 TCTG [TCTA]10;10
S56;D4S2408;ATCC [ATCT]9;10
S56;TH01;AATG GATG [AATG]5;12
S56;TH01;[AATG]6 GATG;11
S56;TPOX;[AATG]2 AACG [AATG]6;20
S57;D19S433;CT CTCT TTCT TCCT CTCT [CCTT]3 CTTT [CCTT]8 CCTA CCTT CTTT CCTT;14
S57;TH01;[AATG]6 ATG [AATG]3;20
S58;D12S391;[AGAT]11 [AGAC]4 AGAA [AGAC]2 AGAT;11
S58;D7S820;A AAAC TATC AATC TGTC [TATC]11;12
S59;D7S820;A AAAC TATC AATC TGTC [TATC]12;11
S6;D7S820;A AAAC TATC AATC TGTC [TATC]9;14
S6;TH01;GATG [AATG]8;11
S60;D19S433;CT CTCT [TTCT]2 CTCT [CCTT]12 CCTA CCTT CTTT CCTT;12
S60;D3S1358;TCTA [TCTG]3 TATA [TCTA]13;19
S60;D7S820;A AAAC TATC AATC TGTC [TATC]11;10
S60;D8S1179;TCTA TCTG [TCTA]2 TATA [TCTA]9;12
S61;D3S1358;TTTA [TCTG]2 [TCTA]12;13
S61;D7S820;A AAAC TATC AATC TGTC [TATC]9;14
S61;D7S820;AAC TATC AATC TGTC [TATC]9;11
S62;D19S433;CT CTCT [TTCT]2 CTCT [CCTT]13 CCTA CCTT CTTT CCTT;13
S62;D19S433;CT CTCT TTCT TCCT CTCT [CCTT]7 CTTT [CCTT]5 CCTA CCTT CTTT CCTT;11
S62;D19S433;CT CTCT TTCT TCCT CTCT [CCTT]5 CTTT [CCTT]7 CCTA CCTT CTTT CCTT;11
S62;D7S820;AAC TATC AATC TGTC [TATC]10;10
S62;D7S820;A AAAC TATC AATC TGTC [TATC]10;10
S63;D19S433;CT CTCT [TTCT]2 CTCT [CCTT]13 CCTA CCTT CTTT CCTT;17
S63;D7S820;A AAAC TATC AATC TGTC [TATC]9;11
S64;D16S539;[GATA]2 GATG [GATA]8;10
S64;D19S433;CT CTCT TTCT TCCT CTCT [CCTT]7 CTTT [CCTT]6 CCTA CCTT CTTT CCTT;11
S64;D7S820;A AAAC TATC AATC TGTC [TATC]9;16
S64;D9S1122;[TAGA]13;13
S66;D19S433;CT CTCT TTCT TCCT CTCT [CCTT]2 CTTT [CCTT]9 CCTA CCTT CTTT CCTT;11
S66;D19S433;CT CTCT [TTCT]2 CTCT [CCTT]12 CCTA CCTT CTTT CCTT;11
S67;D18S51;[AGAA]12 CGAA AAAG AGAG AG;12
S67;D19S433;CT CTCT TTCT TCTT CTCT [CCTT]12 CCTA CCTT CTTT CCTT;11
S69;D7S820;A AAAC TATC AATC TGTC [TATC]8;11
S7;D16S539;[GATA]5 GATG [GATA]5;10
S70;TH01;GATG [AATG]6;10
S71;D20S482;[AGAT]10 AGAC [AGAT]5;16
S71;D7S820;A AAAC TATC AATC TGTC [TATC]10;15
S71;D7S820;AAC TATC AATC TGTC [TATC]10;12
S71;TH01;GATG [AATG]6;10
S71;TPOX;[AATG]5 AACG [AATG]2;11
S72;D19S433;CT CTCT [TTCT]2 CTCT [CCTT]11 CCTA CCTT CTTT CCTT;14
S72;D19S433;CT CTCT TTCT TCCT CTCT [CCTT]4 CATT [CCTT]6 CCTA CCTT CTTT CCTT;11
S72;D19S433;CT CTCT TTCT TCCT CTCT [CCTT]5 CTTT [CCTT]5 CCTA CCTT CTTT CCTT;10
S72;D2S441;[TCTA]4 TCAT CCA [TCTA]6;12
S73;D19S433;CT CTCT [TTCT]2 CTCT [CCTT]12 CCTA CCTT CTTT CCTT;12
S73;D7S820;A AAAC TATC AATC TGTC [TATC]10;10
S73;TH01;[AATG]2 GATG [AATG]6;11
S74;D19S433;CT CTCT TTCT TCTT CTCT [CCTT]13 CCTA CCTT CTTT CCTT;10
S74;D9S1122;TAGA TAGG [TAGA]10;18
S75;D19S433;CT CTCT [TTCT]2 CTCT [CCTT]12 CCTA CCTT CTTT CCTT;12
S75;D20S482;[AGAT]13 AGAG;12
S75;D7S820;AAC TATC AATC TGTC [TATC]9;16
S75;D8S1179;[TCTA]13;10
S75;TH01;[AATG]4 AACG [AATG]2;12
S76;D18S51;[AGAA]7 ATAA [AGAA]9 AAAG AGAG AG;12
S76;D3S1358;TCTA [TCTG]2 [TCTA]4 TCCA [TCTA]3;15
S76;D3S1358;TCTA [TCTG]2 [TCTA]7 TCTG;12
S76;D7S820;A AAAC TATC AATC TGTC [TATC]11;26
S76;D7S820;AAC TATC AATC TGTC [TATC]11;19
S76;D9S1122;[TAGA]12;15
S77;D19S433;CT CTCT [TTCT]2 CTCT [CCTT]12 CCTA CCTT CTTT CCTT;21
S77;D22S1045;TT [ATT]7 ACT [ATT]2;10
S79;D19S433;CT CTCT [TTCT]2 CTCT [CCTT]12 CCTA CCTT CTTT CCTT;11
S79;D19S433;CT CTCT [TTCT]2 CTCT [CCTT]10 CCTA CCTT CTTT CCTT;11
S8;D3S1358;TCTA [TCTG]2 [TCTA]3 TATA [TCTA]7;10
S8;D7S820;A AAAC TATC AATC TGTC [TATC]11;10
S80;TH01;[AATG]7 AACG AATG;12
S82;D20S482;[AGAT]13 AGAG;11
S82;D7S820;A AAAC TATC AATC TGTC [TATC]10;11
S82;D7S820;AAC TATC AATC TGTC [TATC]10;10
S82;D9S1122;[TAGA]11;11
S82;PENTA D;AAAAA G [AAAGA]10;10
S83;D20S482;[AGAT]13 AGAG;10
S83;D4S2408;[ATCT]4 ATAT [ATCT]6;11
S83;D9S1122;TAGA TCGA [TAGA]9;10
S83;TH01;[AATG]4 GATG AATG;10
S84;D4S2408;ATCC [ATCT]8;11
S84;D4S2408;ATAT [ATCT]8;10
S84;D9S1122;[TAGA]13;18
S85;D19S433;CT CTCT [TTCT]2 CTCT [CCTT]12 CCTA CCTT CTTT CCTT;15
S85;D19S433;CT CTCT TTCT TCCT CTCT [CCTT]2 CTTT [CCTT]9 CCTA CCTT CTTT CCTT;10
S85;D9S1122;TGGA TCGA [TAGA]10;11
S86;D19S433;CT CTCT [TTCT]2 CTCT [CCTT]10 CCTA CCTT CTTT CCTT;10
S86;D3S1358;TCTA [TCTG]3 [TCTA]3 TCCA [TCTA]10;18
S86;D4S2408;ATCC [ATCT]8;12
S86;D6S1043;[ATCT]5 ATGT [ATCT]13 ATTT;13
S87;D7S820;AAC TATC AATC TGTC [TATC]12;19
S87;D7S820;A AAAC TATC AATC TGTC [TATC]11;13
S87;TH01;AAAG [AATG]5 ATG [AATG]3;10
S88;D7S820;AAC TATC AATC TGTC [TATC]10;10
S88;D9S1122;[TAGA]11;11
S88;D9S1122;TAGA TCGA [TAGA]8 TATA;10
S89;TH01;AATG GATG [AATG]4 ATG [AATG]3;16
S9;D7S820;A AAAC TATC AATC TGTC [TATC]9;15
S90;D4S2408;[ATCT]7 GTCT ATCT;13
S91;D20S482;[AGAT]8 AGAC [AGAT]4;13
S91;D7S820;A AAAC TATC AATC TGTC [TATC]11;15
S91;PENTA D;AAAAA G [AAAGA]12;12
S92;D19S433;CT CTCT TTCT TCCT CTCT [CCTT]3 TCTT [CCTT]8 CCTA CCTT CTTT CCTT;10
S92;D19S433;CT CTCT [TTCT]2 CTCT [CCTT]12 CCTA CCTT CTTT CCTT;10
S92;D3S1358;TCTA [TCTG]3 [TCTA]11 TCTG;10
S94;D7S820;AAC TATC AATC TGTC [TATC]11;13
S94;D7S820;A AAAC TATC AATC TGTC [TATC]11;12
S98;TH01;AATG GATG [AATG]5;12
