Allele;D1S1656;TPOX;D2S441;D2S1338;D3S1358;D4S2408;FGA;D5S818;CSF1PO;D6S1043;D7S820;D8S1179;D9S1122;D10S1248;TH01;VWA;D12S391;D13S317;PENTA E;D16S539;D17S1301;D18S51;D19S433;D20S482;D21S11;PENTA D;D22S1045
CA [CACA]2 [TCTA]12;0.0740242261103634;NA;NA;NA;NA;NA;NA;NA;NA;NA;NA;NA;NA;NA;NA;NA;NA;NA;NA;NA;NA;NA;NA;NA;NA;NA;NA
CA [CACA]2 CCTA [TCTA]12 TCA [TCTA]4;0.177658142664872;NA;NA;NA;NA;NA;NA;NA;NA;NA;NA;NA;NA;NA;NA;NA;NA;NA;NA;NA;NA;NA;NA;NA;NA;NA;NA
CA [CACA]2 CCTA [TCTA]11 TCA [TCTA]3;0.0323014804845222;NA;NA;NA;NA;NA;NA;NA;NA;NA;NA;NA;NA;NA;NA;NA;NA;NA;NA;NA;NA;NA;NA;NA;NA;NA;NA
CA [CACA]2 CCTA [TCTA]11;0.0699865410497981;NA;NA;NA;NA;NA;NA;NA;NA;NA;NA;NA;NA;NA;NA;NA;NA;NA;NA;NA;NA;NA;NA;NA;NA;NA;NA
CA [CACA]2 CCTA [TCTA]14;0.100942126514132;NA;NA;NA;NA;NA;NA;NA;NA;NA;NA;NA;NA;NA;NA;NA;NA;NA;NA;NA;NA;NA;NA;NA;NA;NA;NA
CA [CACA]2 CTTA [TCTA]14;0.00134589502018843;NA;NA;NA;NA;NA;NA;NA;NA;NA;NA;NA;NA;NA;NA;NA;NA;NA;NA;NA;NA;NA;NA;NA;NA;NA;NA
CA [CACA]2 CCTA [TCTA]13;0.0834454912516824;NA;NA;NA;NA;NA;NA;NA;NA;NA;NA;NA;NA;NA;NA;NA;NA;NA;NA;NA;NA;NA;NA;NA;NA;NA;NA
CA [CACA]2 CCTA [TCTA]11 TCA [TCTA]4;0.0511440107671602;NA;NA;NA;NA;NA;NA;NA;NA;NA;NA;NA;NA;NA;NA;NA;NA;NA;NA;NA;NA;NA;NA;NA;NA;NA;NA
CA [CACA]2 CCTA [TCTA]13 TCA [TCTA]4;0.0659488559892328;NA;NA;NA;NA;NA;NA;NA;NA;NA;NA;NA;NA;NA;NA;NA;NA;NA;NA;NA;NA;NA;NA;NA;NA;NA;NA
CA [CACA]2 CCTA [TCTA]15;0.100942126514132;NA;NA;NA;NA;NA;NA;NA;NA;NA;NA;NA;NA;NA;NA;NA;NA;NA;NA;NA;NA;NA;NA;NA;NA;NA;NA
CA [CACA]2 [TCTA]11;0.0780619111709287;NA;NA;NA;NA;NA;NA;NA;NA;NA;NA;NA;NA;NA;NA;NA;NA;NA;NA;NA;NA;NA;NA;NA;NA;NA;NA
CA [CACA]2 [TCTA]15;0.00403768506056528;NA;NA;NA;NA;NA;NA;NA;NA;NA;NA;NA;NA;NA;NA;NA;NA;NA;NA;NA;NA;NA;NA;NA;NA;NA;NA
CA [CACA]2 CCTA [TCTA]10 TCA [TCTA]4;0.044414535666218;NA;NA;NA;NA;NA;NA;NA;NA;NA;NA;NA;NA;NA;NA;NA;NA;NA;NA;NA;NA;NA;NA;NA;NA;NA;NA
CA [CACA]2 CCTA [TCTA]14 TCA [TCTA]4;0.0148048452220727;NA;NA;NA;NA;NA;NA;NA;NA;NA;NA;NA;NA;NA;NA;NA;NA;NA;NA;NA;NA;NA;NA;NA;NA;NA;NA
CA [CACA]2 [TCTA]13;0.0174966352624495;NA;NA;NA;NA;NA;NA;NA;NA;NA;NA;NA;NA;NA;NA;NA;NA;NA;NA;NA;NA;NA;NA;NA;NA;NA;NA
CA [CACA]2 CCTA [TCTA]16;0.0363391655450875;NA;NA;NA;NA;NA;NA;NA;NA;NA;NA;NA;NA;NA;NA;NA;NA;NA;NA;NA;NA;NA;NA;NA;NA;NA;NA
CA [CACA]2 CCTA [TCTA]12;0.0228802153432032;NA;NA;NA;NA;NA;NA;NA;NA;NA;NA;NA;NA;NA;NA;NA;NA;NA;NA;NA;NA;NA;NA;NA;NA;NA;NA
CA [CACA]2 TCTA GCTA [TCTA]12;0.00134589502018843;NA;NA;NA;NA;NA;NA;NA;NA;NA;NA;NA;NA;NA;NA;NA;NA;NA;NA;NA;NA;NA;NA;NA;NA;NA;NA
CA [CACA]2 TCTA GCTA [TCTA]11;0.00134589502018843;NA;NA;NA;NA;NA;NA;NA;NA;NA;NA;NA;NA;NA;NA;NA;NA;NA;NA;NA;NA;NA;NA;NA;NA;NA;NA
CA [CACA]2 CCTA [TCTA]10;0.00269179004037685;NA;NA;NA;NA;NA;NA;NA;NA;NA;NA;NA;NA;NA;NA;NA;NA;NA;NA;NA;NA;NA;NA;NA;NA;NA;NA
CA [CACA]2 CCTA [TCTA]17;0.00134589502018843;NA;NA;NA;NA;NA;NA;NA;NA;NA;NA;NA;NA;NA;NA;NA;NA;NA;NA;NA;NA;NA;NA;NA;NA;NA;NA
CA [CACA]2 CCTA [TCTA]9;0.0053835800807537;NA;NA;NA;NA;NA;NA;NA;NA;NA;NA;NA;NA;NA;NA;NA;NA;NA;NA;NA;NA;NA;NA;NA;NA;NA;NA
CA [CACA]2 CCTA [TCTA]12 TCA [TCTA]3;0.00134589502018843;NA;NA;NA;NA;NA;NA;NA;NA;NA;NA;NA;NA;NA;NA;NA;NA;NA;NA;NA;NA;NA;NA;NA;NA;NA;NA
CA [CACA]2 [TCTA]14;0.00403768506056528;NA;NA;NA;NA;NA;NA;NA;NA;NA;NA;NA;NA;NA;NA;NA;NA;NA;NA;NA;NA;NA;NA;NA;NA;NA;NA
CA [CACA]2 CTTA [TCTA]15;0.00672947510094213;NA;NA;NA;NA;NA;NA;NA;NA;NA;NA;NA;NA;NA;NA;NA;NA;NA;NA;NA;NA;NA;NA;NA;NA;NA;NA
[AATG]8;NA;0.51063829787234;NA;NA;NA;NA;NA;NA;NA;NA;NA;NA;NA;NA;0.0847953216374269;NA;NA;NA;NA;NA;NA;NA;NA;NA;NA;NA;NA
[AATG]9;NA;0.122749590834697;NA;NA;NA;NA;NA;NA;NA;NA;NA;NA;NA;NA;0.134502923976608;NA;NA;NA;NA;NA;NA;NA;NA;NA;NA;NA;NA
[AATG]11;NA;0.271685761047463;NA;NA;NA;NA;NA;NA;NA;NA;NA;NA;NA;NA;NA;NA;NA;NA;NA;NA;NA;NA;NA;NA;NA;NA;NA
[AATG]12;NA;0.0376432078559738;NA;NA;NA;NA;NA;NA;NA;NA;NA;NA;NA;NA;NA;NA;NA;NA;NA;NA;NA;NA;NA;NA;NA;NA;NA
[AATG]10;NA;0.0572831423895254;NA;NA;NA;NA;NA;NA;NA;NA;NA;NA;NA;NA;0.010233918128655;NA;NA;NA;NA;NA;NA;NA;NA;NA;NA;NA;NA
[TCTA]11;NA;NA;0.344927536231884;NA;NA;NA;NA;NA;NA;NA;NA;0.072108843537415;NA;NA;NA;NA;NA;NA;NA;NA;NA;NA;NA;NA;NA;NA;NA
[TCTA]12;NA;NA;0.0391304347826087;NA;NA;NA;NA;NA;NA;NA;NA;0.145578231292517;NA;NA;NA;NA;NA;NA;NA;NA;NA;NA;NA;NA;NA;NA;NA
[TCTA]11 TTTA [TCTA]2;NA;NA;0.257971014492754;NA;NA;NA;NA;NA;NA;NA;NA;NA;NA;NA;NA;NA;NA;NA;NA;NA;NA;NA;NA;NA;NA;NA;NA
[TCTA]8 TCTG TCTA;NA;NA;0.136231884057971;NA;NA;NA;NA;NA;NA;NA;NA;NA;NA;NA;NA;NA;NA;NA;NA;NA;NA;NA;NA;NA;NA;NA;NA
[TCTA]10 TTTA [TCTA]2;NA;NA;0.0391304347826087;NA;NA;NA;NA;NA;NA;NA;NA;NA;NA;NA;NA;NA;NA;NA;NA;NA;NA;NA;NA;NA;NA;NA;NA
[TCTA]4 TCA [TCTA]7;NA;NA;0.0463768115942029;NA;NA;NA;NA;NA;NA;NA;NA;NA;NA;NA;NA;NA;NA;NA;NA;NA;NA;NA;NA;NA;NA;NA;NA
[TCTA]12 TTTA [TCTA]2;NA;NA;0.0333333333333333;NA;NA;NA;NA;NA;NA;NA;NA;NA;NA;NA;NA;NA;NA;NA;NA;NA;NA;NA;NA;NA;NA;NA;NA
[TCTA]9 TCTG TCTA;NA;NA;0.0173913043478261;NA;NA;NA;NA;NA;NA;NA;NA;NA;NA;NA;NA;NA;NA;NA;NA;NA;NA;NA;NA;NA;NA;NA;NA
[TCTA]10;NA;NA;0.0652173913043478;NA;NA;NA;NA;NA;NA;NA;NA;0.0775510204081633;NA;NA;NA;NA;NA;NA;NA;NA;NA;NA;NA;NA;NA;NA;NA
[TCTA]9 TTTA [TCTA]2;NA;NA;0.00579710144927536;NA;NA;NA;NA;NA;NA;NA;NA;NA;NA;NA;NA;NA;NA;NA;NA;NA;NA;NA;NA;NA;NA;NA;NA
[TCTA]13 TTTA [TCTA]2;NA;NA;0.00579710144927536;NA;NA;NA;NA;NA;NA;NA;NA;NA;NA;NA;NA;NA;NA;NA;NA;NA;NA;NA;NA;NA;NA;NA;NA
[TCTA]9;NA;NA;0.00144927536231884;NA;NA;NA;NA;NA;NA;NA;NA;0.0122448979591837;NA;NA;NA;NA;NA;NA;NA;NA;NA;NA;NA;NA;NA;NA;NA
[TCTA]5 TCA [TCTA]5;NA;NA;0.00144927536231884;NA;NA;NA;NA;NA;NA;NA;NA;NA;NA;NA;NA;NA;NA;NA;NA;NA;NA;NA;NA;NA;NA;NA;NA
[TCTA]13;NA;NA;0.00434782608695652;NA;NA;NA;NA;NA;NA;NA;NA;0.0748299319727891;NA;NA;NA;NA;NA;NA;NA;NA;NA;NA;NA;NA;NA;NA;NA
[TCTA]4 TCA [TCTA]8;NA;NA;0.00144927536231884;NA;NA;NA;NA;NA;NA;NA;NA;NA;NA;NA;NA;NA;NA;NA;NA;NA;NA;NA;NA;NA;NA;NA;NA
[GGAA]11 [GGCA]6;NA;NA;NA;0.21875;NA;NA;NA;NA;NA;NA;NA;NA;NA;NA;NA;NA;NA;NA;NA;NA;NA;NA;NA;NA;NA;NA;NA
[GGAA]13 [GGCA]6;NA;NA;NA;0.0190217391304348;NA;NA;NA;NA;NA;NA;NA;NA;NA;NA;NA;NA;NA;NA;NA;NA;NA;NA;NA;NA;NA;NA;NA
[GGAA]12 [GGCA]6;NA;NA;NA;0.0760869565217391;NA;NA;NA;NA;NA;NA;NA;NA;NA;NA;NA;NA;NA;NA;NA;NA;NA;NA;NA;NA;NA;NA;NA
[GGAA]2 GGAC [GGAA]15 [GGCA]7;NA;NA;NA;0.10054347826087;NA;NA;NA;NA;NA;NA;NA;NA;NA;NA;NA;NA;NA;NA;NA;NA;NA;NA;NA;NA;NA;NA;NA
[GGAA]2 GGAC [GGAA]14 [GGCA]7;NA;NA;NA;0.104619565217391;NA;NA;NA;NA;NA;NA;NA;NA;NA;NA;NA;NA;NA;NA;NA;NA;NA;NA;NA;NA;NA;NA;NA
[GGAA]13 [GGCA]7;NA;NA;NA;0.0801630434782609;NA;NA;NA;NA;NA;NA;NA;NA;NA;NA;NA;NA;NA;NA;NA;NA;NA;NA;NA;NA;NA;NA;NA
[GGAA]12 [GGCA]7;NA;NA;NA;0.0760869565217391;NA;NA;NA;NA;NA;NA;NA;NA;NA;NA;NA;NA;NA;NA;NA;NA;NA;NA;NA;NA;NA;NA;NA
[GGAA]2 GGAC [GGAA]13 [GGCA]7;NA;NA;NA;0.0923913043478261;NA;NA;NA;NA;NA;NA;NA;NA;NA;NA;NA;NA;NA;NA;NA;NA;NA;NA;NA;NA;NA;NA;NA
[GGAA]2 GGAC [GGAA]16 [GGCA]7;NA;NA;NA;0.03125;NA;NA;NA;NA;NA;NA;NA;NA;NA;NA;NA;NA;NA;NA;NA;NA;NA;NA;NA;NA;NA;NA;NA
[GGAA]2 GGAC [GGAA]15 [GGCA]6;NA;NA;NA;0.014945652173913;NA;NA;NA;NA;NA;NA;NA;NA;NA;NA;NA;NA;NA;NA;NA;NA;NA;NA;NA;NA;NA;NA;NA
[GGAA]2 GGAC [GGAA]11 [GGCA]7;NA;NA;NA;0.00543478260869565;NA;NA;NA;NA;NA;NA;NA;NA;NA;NA;NA;NA;NA;NA;NA;NA;NA;NA;NA;NA;NA;NA;NA
[GGAA]10 [GGCA]6;NA;NA;NA;0.0190217391304348;NA;NA;NA;NA;NA;NA;NA;NA;NA;NA;NA;NA;NA;NA;NA;NA;NA;NA;NA;NA;NA;NA;NA
[GGAA]12 GGGA [GGCA]7;NA;NA;NA;0.0176630434782609;NA;NA;NA;NA;NA;NA;NA;NA;NA;NA;NA;NA;NA;NA;NA;NA;NA;NA;NA;NA;NA;NA;NA
[GGAA]2 GGAC [GGAA]10 [GGCA]7;NA;NA;NA;0.0190217391304348;NA;NA;NA;NA;NA;NA;NA;NA;NA;NA;NA;NA;NA;NA;NA;NA;NA;NA;NA;NA;NA;NA;NA
[GGAA]2 GGAC [GGAA]12 [GGCA]7;NA;NA;NA;0.0190217391304348;NA;NA;NA;NA;NA;NA;NA;NA;NA;NA;NA;NA;NA;NA;NA;NA;NA;NA;NA;NA;NA;NA;NA
[GGAA]11 [GGCA]7;NA;NA;NA;0.0285326086956522;NA;NA;NA;NA;NA;NA;NA;NA;NA;NA;NA;NA;NA;NA;NA;NA;NA;NA;NA;NA;NA;NA;NA
[GGAA]13 GGGA [GGCA]7;NA;NA;NA;0.00271739130434783;NA;NA;NA;NA;NA;NA;NA;NA;NA;NA;NA;NA;NA;NA;NA;NA;NA;NA;NA;NA;NA;NA;NA
[GGAA]2 GGAC [GGAA]14 [GGCA]8;NA;NA;NA;0.0122282608695652;NA;NA;NA;NA;NA;NA;NA;NA;NA;NA;NA;NA;NA;NA;NA;NA;NA;NA;NA;NA;NA;NA;NA
[GGAA]2 GGAC [GGAA]10 [GGCA]6;NA;NA;NA;0.00135869565217391;NA;NA;NA;NA;NA;NA;NA;NA;NA;NA;NA;NA;NA;NA;NA;NA;NA;NA;NA;NA;NA;NA;NA
[GGAA]10 [GGCA]7;NA;NA;NA;0.00407608695652174;NA;NA;NA;NA;NA;NA;NA;NA;NA;NA;NA;NA;NA;NA;NA;NA;NA;NA;NA;NA;NA;NA;NA
[GGAA]2 GGAC [GGAA]13 [GGCA]8;NA;NA;NA;0.00407608695652174;NA;NA;NA;NA;NA;NA;NA;NA;NA;NA;NA;NA;NA;NA;NA;NA;NA;NA;NA;NA;NA;NA;NA
[GGAA]14 [GGCA]7;NA;NA;NA;0.0176630434782609;NA;NA;NA;NA;NA;NA;NA;NA;NA;NA;NA;NA;NA;NA;NA;NA;NA;NA;NA;NA;NA;NA;NA
[GGAA]2 GGAC [GGAA]15 [GGCA]8;NA;NA;NA;0.00135869565217391;NA;NA;NA;NA;NA;NA;NA;NA;NA;NA;NA;NA;NA;NA;NA;NA;NA;NA;NA;NA;NA;NA;NA
[GGAA]14 [GGCA]6;NA;NA;NA;0.014945652173913;NA;NA;NA;NA;NA;NA;NA;NA;NA;NA;NA;NA;NA;NA;NA;NA;NA;NA;NA;NA;NA;NA;NA
[GGAA]15 [GGCA]6;NA;NA;NA;0.00135869565217391;NA;NA;NA;NA;NA;NA;NA;NA;NA;NA;NA;NA;NA;NA;NA;NA;NA;NA;NA;NA;NA;NA;NA
[GGAA]2 GGAC [GGAA]14 [GGCA]6;NA;NA;NA;0.00815217391304348;NA;NA;NA;NA;NA;NA;NA;NA;NA;NA;NA;NA;NA;NA;NA;NA;NA;NA;NA;NA;NA;NA;NA
[GGAA]2 GGAC [GGAA]17 [GGCA]7;NA;NA;NA;0.00135869565217391;NA;NA;NA;NA;NA;NA;NA;NA;NA;NA;NA;NA;NA;NA;NA;NA;NA;NA;NA;NA;NA;NA;NA
[GGAA]15 [GGCA]7;NA;NA;NA;0.00135869565217391;NA;NA;NA;NA;NA;NA;NA;NA;NA;NA;NA;NA;NA;NA;NA;NA;NA;NA;NA;NA;NA;NA;NA
[GGAA]10 GAAA [GGAA]2 [GGCA]7;NA;NA;NA;0.00135869565217391;NA;NA;NA;NA;NA;NA;NA;NA;NA;NA;NA;NA;NA;NA;NA;NA;NA;NA;NA;NA;NA;NA;NA
[GGAA]13 [GGCA]8;NA;NA;NA;0.00135869565217391;NA;NA;NA;NA;NA;NA;NA;NA;NA;NA;NA;NA;NA;NA;NA;NA;NA;NA;NA;NA;NA;NA;NA
[GGAA]2 GGAC [GGAA]16 [GGCA]6;NA;NA;NA;0.00135869565217391;NA;NA;NA;NA;NA;NA;NA;NA;NA;NA;NA;NA;NA;NA;NA;NA;NA;NA;NA;NA;NA;NA;NA
[GGAA]2 GGAC [GGAA]12 [GGCA]6;NA;NA;NA;0.00135869565217391;NA;NA;NA;NA;NA;NA;NA;NA;NA;NA;NA;NA;NA;NA;NA;NA;NA;NA;NA;NA;NA;NA;NA
[GGAA]2 GGAC [GGAA]13 [GGCA]6;NA;NA;NA;0.00135869565217391;NA;NA;NA;NA;NA;NA;NA;NA;NA;NA;NA;NA;NA;NA;NA;NA;NA;NA;NA;NA;NA;NA;NA
TCTA [TCTG]2 [TCTA]13;NA;NA;NA;NA;0.144827586206897;NA;NA;NA;NA;NA;NA;NA;NA;NA;NA;NA;NA;NA;NA;NA;NA;NA;NA;NA;NA;NA;NA
TCTA [TCTG]3 [TCTA]12;NA;NA;NA;NA;0.063448275862069;NA;NA;NA;NA;NA;NA;NA;NA;NA;NA;NA;NA;NA;NA;NA;NA;NA;NA;NA;NA;NA;NA
TCTA [TCTG]2 [TCTA]11;NA;NA;NA;NA;0.143448275862069;NA;NA;NA;NA;NA;NA;NA;NA;NA;NA;NA;NA;NA;NA;NA;NA;NA;NA;NA;NA;NA;NA
TCTA [TCTG]2 [TCTA]14;NA;NA;NA;NA;0.117241379310345;NA;NA;NA;NA;NA;NA;NA;NA;NA;NA;NA;NA;NA;NA;NA;NA;NA;NA;NA;NA;NA;NA
TCTA [TCTG]2 [TCTA]12;NA;NA;NA;NA;0.209655172413793;NA;NA;NA;NA;NA;NA;NA;NA;NA;NA;NA;NA;NA;NA;NA;NA;NA;NA;NA;NA;NA;NA
TCTA [TCTG]2 [TCTA]16;NA;NA;NA;NA;0.00137931034482759;NA;NA;NA;NA;NA;NA;NA;NA;NA;NA;NA;NA;NA;NA;NA;NA;NA;NA;NA;NA;NA;NA
TCTA [TCTG]3 [TCTA]14;NA;NA;NA;NA;0.126896551724138;NA;NA;NA;NA;NA;NA;NA;NA;NA;NA;NA;NA;NA;NA;NA;NA;NA;NA;NA;NA;NA;NA
TCTA [TCTG]3 [TCTA]13;NA;NA;NA;NA;0.0924137931034483;NA;NA;NA;NA;NA;NA;NA;NA;NA;NA;NA;NA;NA;NA;NA;NA;NA;NA;NA;NA;NA;NA
TCTA TCTG [TCTA]13;NA;NA;NA;NA;0.0344827586206897;NA;NA;NA;NA;NA;NA;0.0421768707482993;NA;NA;NA;NA;NA;NA;NA;NA;NA;NA;NA;NA;NA;NA;NA
TCTA [TCTG]3 [TCTA]11;NA;NA;NA;NA;0.0096551724137931;NA;NA;NA;NA;NA;NA;NA;NA;NA;NA;NA;NA;NA;NA;NA;NA;NA;NA;NA;NA;NA;NA
TCTA [TCTG]3 [TCTA]10;NA;NA;NA;NA;0.00137931034482759;NA;NA;NA;NA;NA;NA;NA;NA;NA;NA;NA;NA;NA;NA;NA;NA;NA;NA;NA;NA;NA;NA
TCTA [TCTG]3 [TCTA]15;NA;NA;NA;NA;0.0151724137931034;NA;NA;NA;NA;NA;NA;NA;NA;NA;NA;NA;NA;NA;NA;NA;NA;NA;NA;NA;NA;NA;NA
TCTA [TCTG]2 [TCTA]8;NA;NA;NA;NA;0.00551724137931034;NA;NA;NA;NA;NA;NA;NA;NA;NA;NA;NA;NA;NA;NA;NA;NA;NA;NA;NA;NA;NA;NA
TCTA TCTG [TCTA]14;NA;NA;NA;NA;0.0151724137931034;NA;NA;NA;NA;NA;NA;0.00272108843537415;NA;NA;NA;NA;NA;NA;NA;NA;NA;NA;NA;NA;NA;NA;NA
TCTA TCTG [TCTA]12;NA;NA;NA;NA;0.00275862068965517;NA;NA;NA;NA;NA;NA;0.14421768707483;NA;NA;NA;NA;NA;NA;NA;NA;NA;NA;NA;NA;NA;NA;NA
TCTA [TCTG]2 [TCTA]15;NA;NA;NA;NA;0.0110344827586207;NA;NA;NA;NA;NA;NA;NA;NA;NA;NA;NA;NA;NA;NA;NA;NA;NA;NA;NA;NA;NA;NA
TCTA [TCTG]2 [TCTA]10;NA;NA;NA;NA;0.00275862068965517;NA;NA;NA;NA;NA;NA;NA;NA;NA;NA;NA;NA;NA;NA;NA;NA;NA;NA;NA;NA;NA;NA
TCTA TCTG [TCTA]15;NA;NA;NA;NA;0.00137931034482759;NA;NA;NA;NA;NA;NA;NA;NA;NA;NA;NA;NA;NA;NA;NA;NA;NA;NA;NA;NA;NA;NA
TCTA [TCTG]3 [TCTA]16;NA;NA;NA;NA;0.00137931034482759;NA;NA;NA;NA;NA;NA;NA;NA;NA;NA;NA;NA;NA;NA;NA;NA;NA;NA;NA;NA;NA;NA
[ATCT]8;NA;NA;NA;NA;NA;0.253776435045317;NA;NA;0.00153139356814701;NA;NA;NA;NA;NA;NA;NA;NA;NA;NA;NA;NA;NA;NA;NA;NA;NA;NA
[ATCT]10;NA;NA;NA;NA;NA;0.246223564954683;NA;0.037410071942446;0.258805513016845;0.0129496402877698;NA;NA;NA;NA;NA;NA;NA;NA;NA;NA;NA;NA;NA;NA;NA;NA;NA
[ATCT]9;NA;NA;NA;NA;NA;0.318731117824773;NA;NA;0.0245022970903522;0.00143884892086331;NA;NA;NA;NA;NA;NA;NA;NA;NA;NA;NA;NA;NA;NA;NA;NA;NA
[ATCT]12;NA;NA;NA;NA;NA;0.0226586102719033;NA;0.0431654676258993;0.330781010719755;0.243165467625899;NA;NA;NA;NA;NA;NA;NA;NA;NA;NA;NA;NA;NA;NA;NA;NA;NA
[ATCT]11;NA;NA;NA;NA;NA;0.126888217522659;NA;0.0158273381294964;0.290964777947933;0.319424460431655;NA;NA;NA;NA;NA;NA;NA;NA;NA;NA;NA;NA;NA;NA;NA;NA;NA
[ATCT]6;NA;NA;NA;NA;NA;0.00151057401812689;NA;NA;NA;NA;NA;NA;NA;NA;NA;NA;NA;NA;NA;NA;NA;NA;NA;NA;NA;NA;NA
ATCT GTCT [ATCT]7;NA;NA;NA;NA;NA;0.0287009063444109;NA;NA;NA;NA;NA;NA;NA;NA;NA;NA;NA;NA;NA;NA;NA;NA;NA;NA;NA;NA;NA
[ATCT]13;NA;NA;NA;NA;NA;0.00151057401812689;NA;0.103597122302158;0.0765696784073507;0.0705035971223022;NA;NA;NA;NA;NA;NA;NA;NA;NA;NA;NA;NA;NA;NA;NA;NA;NA
[GGAA]2 GGAG [AAAG]14 AGAA AAAA [GAAA]3;NA;NA;NA;NA;NA;NA;0.175070028011204;NA;NA;NA;NA;NA;NA;NA;NA;NA;NA;NA;NA;NA;NA;NA;NA;NA;NA;NA;NA
[GGAA]2 GGAG [AAAG]16 AGAA AAAA [GAAA]3;NA;NA;NA;NA;NA;NA;0.112044817927171;NA;NA;NA;NA;NA;NA;NA;NA;NA;NA;NA;NA;NA;NA;NA;NA;NA;NA;NA;NA
[GGAA]2 GGAG [AAAG]15 AGAA AAAA [GAAA]3;NA;NA;NA;NA;NA;NA;0.163865546218487;NA;NA;NA;NA;NA;NA;NA;NA;NA;NA;NA;NA;NA;NA;NA;NA;NA;NA;NA;NA
[GGAA]2 GGAG [AAAG]11 AGAA AAAA [GAAA]3;NA;NA;NA;NA;NA;NA;0.0490196078431373;NA;NA;NA;NA;NA;NA;NA;NA;NA;NA;NA;NA;NA;NA;NA;NA;NA;NA;NA;NA
[GGAA]2 GGAG [AAAG]17 AGAA AAAA [GAAA]3;NA;NA;NA;NA;NA;NA;0.092436974789916;NA;NA;NA;NA;NA;NA;NA;NA;NA;NA;NA;NA;NA;NA;NA;NA;NA;NA;NA;NA
[GGAA]2 GGAG [AAAG]12 AGAA AAAA [GAAA]3;NA;NA;NA;NA;NA;NA;0.159663865546218;NA;NA;NA;NA;NA;NA;NA;NA;NA;NA;NA;NA;NA;NA;NA;NA;NA;NA;NA;NA
[GGAA]2 GGAG [AAAG]13 AGAA AAAA [GAAA]3;NA;NA;NA;NA;NA;NA;0.151260504201681;NA;NA;NA;NA;NA;NA;NA;NA;NA;NA;NA;NA;NA;NA;NA;NA;NA;NA;NA;NA
[GGAA]2 GGAG [AAAG]15 AA AAAA [GAAA]3;NA;NA;NA;NA;NA;NA;0.00840336134453781;NA;NA;NA;NA;NA;NA;NA;NA;NA;NA;NA;NA;NA;NA;NA;NA;NA;NA;NA;NA
[GGAA]2 GGAG [AAAG]18 AGAA AAAA [GAAA]3;NA;NA;NA;NA;NA;NA;0.0406162464985994;NA;NA;NA;NA;NA;NA;NA;NA;NA;NA;NA;NA;NA;NA;NA;NA;NA;NA;NA;NA
[GGAA]2 GGAG [AAAG]16 AA AAAA [GAAA]3;NA;NA;NA;NA;NA;NA;0.00560224089635854;NA;NA;NA;NA;NA;NA;NA;NA;NA;NA;NA;NA;NA;NA;NA;NA;NA;NA;NA;NA
[GGAA]2 GGAG [AAAG]10 AGAA AAAA [GAAA]3;NA;NA;NA;NA;NA;NA;0.0266106442577031;NA;NA;NA;NA;NA;NA;NA;NA;NA;NA;NA;NA;NA;NA;NA;NA;NA;NA;NA;NA
[GGAA]2 GGAG [AAAG]19 AGAA AAAA [GAAA]3;NA;NA;NA;NA;NA;NA;0.00420168067226891;NA;NA;NA;NA;NA;NA;NA;NA;NA;NA;NA;NA;NA;NA;NA;NA;NA;NA;NA;NA
[GGAA]2 GGAG [AAAG]20 AGAA AAAA [GAAA]3;NA;NA;NA;NA;NA;NA;0.00140056022408964;NA;NA;NA;NA;NA;NA;NA;NA;NA;NA;NA;NA;NA;NA;NA;NA;NA;NA;NA;NA
[GGAA]2 GGAG AAAG AAAC [AAAG]15 AGAA AAAA [GAAA]3;NA;NA;NA;NA;NA;NA;0.00560224089635854;NA;NA;NA;NA;NA;NA;NA;NA;NA;NA;NA;NA;NA;NA;NA;NA;NA;NA;NA;NA
[GGAA]2 GGAG [AAAG]14 AA AAAA [GAAA]3;NA;NA;NA;NA;NA;NA;0.00280112044817927;NA;NA;NA;NA;NA;NA;NA;NA;NA;NA;NA;NA;NA;NA;NA;NA;NA;NA;NA;NA
[GGAA]2 GGAG AAAG AAAC [AAAG]13 AGAA AAAA [GAAA]3;NA;NA;NA;NA;NA;NA;0.00140056022408964;NA;NA;NA;NA;NA;NA;NA;NA;NA;NA;NA;NA;NA;NA;NA;NA;NA;NA;NA;NA
CTCT [ATCT]11;NA;NA;NA;NA;NA;NA;NA;0.336690647482014;NA;NA;NA;NA;NA;NA;NA;NA;NA;NA;NA;NA;NA;NA;NA;NA;NA;NA;NA
CTCT [ATCT]12;NA;NA;NA;NA;NA;NA;NA;0.253237410071942;NA;NA;NA;NA;NA;NA;NA;NA;NA;NA;NA;NA;NA;NA;NA;NA;NA;NA;NA
CTCT [ATCT]13;NA;NA;NA;NA;NA;NA;NA;0.0964028776978417;NA;NA;NA;NA;NA;NA;NA;NA;NA;NA;NA;NA;NA;NA;NA;NA;NA;NA;NA
CTCT [ATCT]10;NA;NA;NA;NA;NA;NA;NA;0.0446043165467626;NA;NA;NA;NA;NA;NA;NA;NA;NA;NA;NA;NA;NA;NA;NA;NA;NA;NA;NA
[ATCT]14;NA;NA;NA;NA;NA;NA;NA;0.0532374100719424;0.0107197549770291;0.0517985611510791;NA;NA;NA;NA;NA;NA;NA;NA;NA;NA;NA;NA;NA;NA;NA;NA;NA
CTCT [ATCT]14;NA;NA;NA;NA;NA;NA;NA;0.0115107913669065;NA;NA;NA;NA;NA;NA;NA;NA;NA;NA;NA;NA;NA;NA;NA;NA;NA;NA;NA
[ATCT]15;NA;NA;NA;NA;NA;NA;NA;0.00287769784172662;0.00459418070444104;0.00575539568345324;NA;NA;NA;NA;NA;NA;NA;NA;NA;NA;NA;NA;NA;NA;NA;NA;NA
CTCT [ATCT]15;NA;NA;NA;NA;NA;NA;NA;0.00143884892086331;NA;NA;NA;NA;NA;NA;NA;NA;NA;NA;NA;NA;NA;NA;NA;NA;NA;NA;NA
[ATCT]7;NA;NA;NA;NA;NA;NA;NA;NA;0.00153139356814701;NA;NA;NA;NA;NA;NA;NA;NA;NA;NA;NA;NA;NA;NA;NA;NA;NA;NA
[ATCT]5 ATGT [ATCT]13;NA;NA;NA;NA;NA;NA;NA;NA;NA;0.0906474820143885;NA;NA;NA;NA;NA;NA;NA;NA;NA;NA;NA;NA;NA;NA;NA;NA;NA
[ATCT]5 ATGT [ATCT]12;NA;NA;NA;NA;NA;NA;NA;NA;NA;0.0705035971223022;NA;NA;NA;NA;NA;NA;NA;NA;NA;NA;NA;NA;NA;NA;NA;NA;NA
[ATCT]5 ATGT [ATCT]14;NA;NA;NA;NA;NA;NA;NA;NA;NA;0.0489208633093525;NA;NA;NA;NA;NA;NA;NA;NA;NA;NA;NA;NA;NA;NA;NA;NA;NA
[ATCT]5 ATGT [ATCT]11;NA;NA;NA;NA;NA;NA;NA;NA;NA;0.0705035971223022;NA;NA;NA;NA;NA;NA;NA;NA;NA;NA;NA;NA;NA;NA;NA;NA;NA
ATCT ATGT [ATCT]12;NA;NA;NA;NA;NA;NA;NA;NA;NA;0.00143884892086331;NA;NA;NA;NA;NA;NA;NA;NA;NA;NA;NA;NA;NA;NA;NA;NA;NA
[ATCT]5 ATGT [ATCT]11 GTCT [ATCT]2;NA;NA;NA;NA;NA;NA;NA;NA;NA;0.00287769784172662;NA;NA;NA;NA;NA;NA;NA;NA;NA;NA;NA;NA;NA;NA;NA;NA;NA
ATCT ATGT [ATCT]14;NA;NA;NA;NA;NA;NA;NA;NA;NA;0.00143884892086331;NA;NA;NA;NA;NA;NA;NA;NA;NA;NA;NA;NA;NA;NA;NA;NA;NA
[ATCT]6 ATGT [ATCT]13;NA;NA;NA;NA;NA;NA;NA;NA;NA;0.00143884892086331;NA;NA;NA;NA;NA;NA;NA;NA;NA;NA;NA;NA;NA;NA;NA;NA;NA
[ATCT]5 ATGT [ATCT]15;NA;NA;NA;NA;NA;NA;NA;NA;NA;0.00287769784172662;NA;NA;NA;NA;NA;NA;NA;NA;NA;NA;NA;NA;NA;NA;NA;NA;NA
[ATCT]16;NA;NA;NA;NA;NA;NA;NA;NA;NA;0.00143884892086331;NA;NA;NA;NA;NA;NA;NA;NA;NA;NA;NA;NA;NA;NA;NA;NA;NA
ATCT ATGT [ATCT]13;NA;NA;NA;NA;NA;NA;NA;NA;NA;0.00143884892086331;NA;NA;NA;NA;NA;NA;NA;NA;NA;NA;NA;NA;NA;NA;NA;NA;NA
[ATCT]5 ATGT [ATCT]10;NA;NA;NA;NA;NA;NA;NA;NA;NA;0.00143884892086331;NA;NA;NA;NA;NA;NA;NA;NA;NA;NA;NA;NA;NA;NA;NA;NA;NA
AAAC TATC AATC TGTC [TATC]10;NA;NA;NA;NA;NA;NA;NA;NA;NA;NA;0.237068965517241;NA;NA;NA;NA;NA;NA;NA;NA;NA;NA;NA;NA;NA;NA;NA;NA
AAAC TATC AATC TGTC [TATC]12;NA;NA;NA;NA;NA;NA;NA;NA;NA;NA;0.165229885057471;NA;NA;NA;NA;NA;NA;NA;NA;NA;NA;NA;NA;NA;NA;NA;NA
AAAC TATC AATC TGTC [TATC]8;NA;NA;NA;NA;NA;NA;NA;NA;NA;NA;0.122126436781609;NA;NA;NA;NA;NA;NA;NA;NA;NA;NA;NA;NA;NA;NA;NA;NA
AAAC TATC AATC TGTC [TATC]9;NA;NA;NA;NA;NA;NA;NA;NA;NA;NA;0.191091954022989;NA;NA;NA;NA;NA;NA;NA;NA;NA;NA;NA;NA;NA;NA;NA;NA
AAAC TATC AATC TGTC [TATC]11;NA;NA;NA;NA;NA;NA;NA;NA;NA;NA;0.228448275862069;NA;NA;NA;NA;NA;NA;NA;NA;NA;NA;NA;NA;NA;NA;NA;NA
AAAC TATC AATC TGTC [TATC]13;NA;NA;NA;NA;NA;NA;NA;NA;NA;NA;0.0301724137931034;NA;NA;NA;NA;NA;NA;NA;NA;NA;NA;NA;NA;NA;NA;NA;NA
AAAC TATC AATC TGTC [TATC]7;NA;NA;NA;NA;NA;NA;NA;NA;NA;NA;0.0201149425287356;NA;NA;NA;NA;NA;NA;NA;NA;NA;NA;NA;NA;NA;NA;NA;NA
AAAC TATC AATC TGTC [TATC]14;NA;NA;NA;NA;NA;NA;NA;NA;NA;NA;0.00574712643678161;NA;NA;NA;NA;NA;NA;NA;NA;NA;NA;NA;NA;NA;NA;NA;NA
TCTA TCTG [TCTA]11;NA;NA;NA;NA;NA;NA;NA;NA;NA;NA;NA;0.224489795918367;NA;NA;NA;NA;NA;NA;NA;NA;NA;NA;NA;NA;NA;NA;NA
[TCTA]2 TCTG [TCTA]12;NA;NA;NA;NA;NA;NA;NA;NA;NA;NA;NA;0.0625850340136054;NA;NA;NA;NA;NA;NA;NA;NA;NA;NA;NA;NA;NA;NA;NA
[TCTA]14;NA;NA;NA;NA;NA;NA;NA;NA;NA;NA;NA;0.0380952380952381;NA;NA;NA;NA;NA;NA;NA;NA;NA;NA;NA;NA;NA;NA;NA
[TCTA]2 TCTG [TCTA]11;NA;NA;NA;NA;NA;NA;NA;NA;NA;NA;NA;0.0448979591836735;NA;NA;NA;NA;NA;NA;NA;NA;NA;NA;NA;NA;NA;NA;NA
[TCTA]2 TCTG [TCTA]13;NA;NA;NA;NA;NA;NA;NA;NA;NA;NA;NA;0.0149659863945578;NA;NA;NA;NA;NA;NA;NA;NA;NA;NA;NA;NA;NA;NA;NA
[TCTA]2 TCTG [TCTA]10;NA;NA;NA;NA;NA;NA;NA;NA;NA;NA;NA;0.0122448979591837;NA;NA;NA;NA;NA;NA;NA;NA;NA;NA;NA;NA;NA;NA;NA
[TCTA]8;NA;NA;NA;NA;NA;NA;NA;NA;NA;NA;NA;0.0136054421768707;NA;NA;NA;NA;NA;NA;NA;NA;NA;NA;NA;NA;NA;NA;NA
TCTA TCTG [TCTA]10;NA;NA;NA;NA;NA;NA;NA;NA;NA;NA;NA;0.0054421768707483;NA;NA;NA;NA;NA;NA;NA;NA;NA;NA;NA;NA;NA;NA;NA
TCTA TCTG TGTA [TCTA]11;NA;NA;NA;NA;NA;NA;NA;NA;NA;NA;NA;0.00680272108843537;NA;NA;NA;NA;NA;NA;NA;NA;NA;NA;NA;NA;NA;NA;NA
[TCTA]15;NA;NA;NA;NA;NA;NA;NA;NA;NA;NA;NA;0.00272108843537415;NA;NA;NA;NA;NA;NA;NA;NA;NA;NA;NA;NA;NA;NA;NA
[TCTA]2 [TCTG]2 [TCTA]11;NA;NA;NA;NA;NA;NA;NA;NA;NA;NA;NA;0.00136054421768707;NA;NA;NA;NA;NA;NA;NA;NA;NA;NA;NA;NA;NA;NA;NA
TCTA TCTG [TCTA]9;NA;NA;NA;NA;NA;NA;NA;NA;NA;NA;NA;0.00136054421768707;NA;NA;NA;NA;NA;NA;NA;NA;NA;NA;NA;NA;NA;NA;NA
[TAGA]11;NA;NA;NA;NA;NA;NA;NA;NA;NA;NA;NA;NA;0.147838214783821;NA;NA;NA;NA;NA;NA;NA;NA;NA;NA;NA;NA;NA;NA
[TAGA]12;NA;NA;NA;NA;NA;NA;NA;NA;NA;NA;NA;NA;0.164574616457462;NA;NA;NA;NA;NA;NA;NA;NA;NA;NA;NA;NA;NA;NA
TAGA TCGA [TAGA]11;NA;NA;NA;NA;NA;NA;NA;NA;NA;NA;NA;NA;0.237099023709902;NA;NA;NA;NA;NA;NA;NA;NA;NA;NA;NA;NA;NA;NA
TAGA TCGA [TAGA]10;NA;NA;NA;NA;NA;NA;NA;NA;NA;NA;NA;NA;0.228730822873082;NA;NA;NA;NA;NA;NA;NA;NA;NA;NA;NA;NA;NA;NA
[TAGA]13;NA;NA;NA;NA;NA;NA;NA;NA;NA;NA;NA;NA;0.0767085076708508;NA;NA;NA;NA;NA;NA;NA;NA;NA;NA;NA;NA;NA;NA
TAGA TCGA [TAGA]12;NA;NA;NA;NA;NA;NA;NA;NA;NA;NA;NA;NA;0.0404463040446304;NA;NA;NA;NA;NA;NA;NA;NA;NA;NA;NA;NA;NA;NA
TAGA TCGA [TAGA]9;NA;NA;NA;NA;NA;NA;NA;NA;NA;NA;NA;NA;0.0725244072524407;NA;NA;NA;NA;NA;NA;NA;NA;NA;NA;NA;NA;NA;NA
TAGA TCGA [TAGA]8;NA;NA;NA;NA;NA;NA;NA;NA;NA;NA;NA;NA;0.00418410041841004;NA;NA;NA;NA;NA;NA;NA;NA;NA;NA;NA;NA;NA;NA
[TAGA]14;NA;NA;NA;NA;NA;NA;NA;NA;NA;NA;NA;NA;0.00836820083682008;NA;NA;NA;NA;NA;NA;NA;NA;NA;NA;NA;NA;NA;NA
TAGA TCGA [TAGA]13;NA;NA;NA;NA;NA;NA;NA;NA;NA;NA;NA;NA;0.00139470013947001;NA;NA;NA;NA;NA;NA;NA;NA;NA;NA;NA;NA;NA;NA
[TAGA]10;NA;NA;NA;NA;NA;NA;NA;NA;NA;NA;NA;NA;0.0111576011157601;NA;NA;NA;NA;NA;NA;NA;NA;NA;NA;NA;NA;NA;NA
[TAGA]9;NA;NA;NA;NA;NA;NA;NA;NA;NA;NA;NA;NA;0.00278940027894003;NA;NA;NA;NA;NA;NA;NA;NA;NA;NA;NA;NA;NA;NA
[TAGA]15;NA;NA;NA;NA;NA;NA;NA;NA;NA;NA;NA;NA;0.00139470013947001;NA;NA;NA;NA;NA;NA;NA;NA;NA;NA;NA;NA;NA;NA
TAGA TCGA [TAGA]7;NA;NA;NA;NA;NA;NA;NA;NA;NA;NA;NA;NA;0.00139470013947001;NA;NA;NA;NA;NA;NA;NA;NA;NA;NA;NA;NA;NA;NA
TAGA TCGA [TAGA]2 TAGT [TAGA]8;NA;NA;NA;NA;NA;NA;NA;NA;NA;NA;NA;NA;0.00139470013947001;NA;NA;NA;NA;NA;NA;NA;NA;NA;NA;NA;NA;NA;NA
[GGAA]14;NA;NA;NA;NA;NA;NA;NA;NA;NA;NA;NA;NA;NA;0.297413793103448;NA;NA;NA;NA;NA;NA;NA;NA;NA;NA;NA;NA;NA
[GGAA]17;NA;NA;NA;NA;NA;NA;NA;NA;NA;NA;NA;NA;NA;0.0258620689655172;NA;NA;NA;NA;NA;NA;NA;NA;NA;NA;NA;NA;NA
[GGAA]13;NA;NA;NA;NA;NA;NA;NA;NA;NA;NA;NA;NA;NA;0.291666666666667;NA;NA;NA;NA;NA;NA;NA;NA;NA;NA;NA;NA;NA
[GGAA]16;NA;NA;NA;NA;NA;NA;NA;NA;NA;NA;NA;NA;NA;0.145114942528736;NA;NA;NA;NA;NA;NA;NA;NA;NA;NA;NA;NA;NA
[GGAA]15;NA;NA;NA;NA;NA;NA;NA;NA;NA;NA;NA;NA;NA;0.179597701149425;NA;NA;NA;NA;NA;NA;NA;NA;NA;NA;NA;NA;NA
[GGAA]12;NA;NA;NA;NA;NA;NA;NA;NA;NA;NA;NA;NA;NA;0.0517241379310345;NA;NA;NA;NA;NA;NA;NA;NA;NA;NA;NA;NA;NA
[GGAA]18;NA;NA;NA;NA;NA;NA;NA;NA;NA;NA;NA;NA;NA;0.00574712643678161;NA;NA;NA;NA;NA;NA;NA;NA;NA;NA;NA;NA;NA
[GGAA]11;NA;NA;NA;NA;NA;NA;NA;NA;NA;NA;NA;NA;NA;0.0028735632183908;NA;NA;NA;NA;NA;NA;NA;NA;NA;NA;NA;NA;NA
[AATG]7;NA;NA;NA;NA;NA;NA;NA;NA;NA;NA;NA;NA;NA;NA;0.219298245614035;NA;NA;NA;NA;NA;NA;NA;NA;NA;NA;NA;NA
[AATG]6 ATG [AATG]3;NA;NA;NA;NA;NA;NA;NA;NA;NA;NA;NA;NA;NA;NA;0.321637426900585;NA;NA;NA;NA;NA;NA;NA;NA;NA;NA;NA;NA
[AATG]6;NA;NA;NA;NA;NA;NA;NA;NA;NA;NA;NA;NA;NA;NA;0.225146198830409;NA;NA;NA;NA;NA;NA;NA;NA;NA;NA;NA;NA
[AATG]7 ATG [AATG]3;NA;NA;NA;NA;NA;NA;NA;NA;NA;NA;NA;NA;NA;NA;0.00146198830409357;NA;NA;NA;NA;NA;NA;NA;NA;NA;NA;NA;NA
[AATG]5;NA;NA;NA;NA;NA;NA;NA;NA;NA;NA;NA;NA;NA;NA;0.00292397660818713;NA;NA;NA;NA;NA;NA;NA;NA;NA;NA;NA;NA
[TGGA]2 [TAGA]3 TGGA [TAGA]3 [CAGA]4 TAGA CAGA TAGA;NA;NA;NA;NA;NA;NA;NA;NA;NA;NA;NA;NA;NA;NA;NA;0.0708092485549133;NA;NA;NA;NA;NA;NA;NA;NA;NA;NA;NA
TAGA TGGA [TAGA]13 [CAGA]4 TAGA;NA;NA;NA;NA;NA;NA;NA;NA;NA;NA;NA;NA;NA;NA;NA;0.203757225433526;NA;NA;NA;NA;NA;NA;NA;NA;NA;NA;NA
TAGA TGGA [TAGA]11 [CAGA]4 TAGA;NA;NA;NA;NA;NA;NA;NA;NA;NA;NA;NA;NA;NA;NA;NA;0.151734104046243;NA;NA;NA;NA;NA;NA;NA;NA;NA;NA;NA
TAGA TGGA [TAGA]12 [CAGA]4 TAGA;NA;NA;NA;NA;NA;NA;NA;NA;NA;NA;NA;NA;NA;NA;NA;0.258670520231214;NA;NA;NA;NA;NA;NA;NA;NA;NA;NA;NA
TAGA TGGA [TAGA]10 [CAGA]3 TAGA;NA;NA;NA;NA;NA;NA;NA;NA;NA;NA;NA;NA;NA;NA;NA;0.0303468208092486;NA;NA;NA;NA;NA;NA;NA;NA;NA;NA;NA
TAGA TGGA [TAGA]14 [CAGA]4 TAGA;NA;NA;NA;NA;NA;NA;NA;NA;NA;NA;NA;NA;NA;NA;NA;0.0895953757225433;NA;NA;NA;NA;NA;NA;NA;NA;NA;NA;NA
TAGA TGGA [TAGA]10 [CAGA]4 TAGA;NA;NA;NA;NA;NA;NA;NA;NA;NA;NA;NA;NA;NA;NA;NA;0.0173410404624277;NA;NA;NA;NA;NA;NA;NA;NA;NA;NA;NA
TAGA TGGA [TAGA]15 [CAGA]4 TAGA;NA;NA;NA;NA;NA;NA;NA;NA;NA;NA;NA;NA;NA;NA;NA;0.0144508670520231;NA;NA;NA;NA;NA;NA;NA;NA;NA;NA;NA
TAGA TGGA [TAGA]13 [CAGA]3 TAGA;NA;NA;NA;NA;NA;NA;NA;NA;NA;NA;NA;NA;NA;NA;NA;0.00867052023121387;NA;NA;NA;NA;NA;NA;NA;NA;NA;NA;NA
TAGA TGGA [TAGA]5 CAGA [TAGA]6 [CAGA]4 TAGA;NA;NA;NA;NA;NA;NA;NA;NA;NA;NA;NA;NA;NA;NA;NA;0.00144508670520231;NA;NA;NA;NA;NA;NA;NA;NA;NA;NA;NA
TAGA TGGA [TAGA]11 [CAGA]3 TAGA;NA;NA;NA;NA;NA;NA;NA;NA;NA;NA;NA;NA;NA;NA;NA;0.0722543352601156;NA;NA;NA;NA;NA;NA;NA;NA;NA;NA;NA
TAGA TGGA [TAGA]12 [CAGA]3 TAGA;NA;NA;NA;NA;NA;NA;NA;NA;NA;NA;NA;NA;NA;NA;NA;0.0635838150289017;NA;NA;NA;NA;NA;NA;NA;NA;NA;NA;NA
TAGA TGGA [TAGA]12 [CAGA]5 TAGA;NA;NA;NA;NA;NA;NA;NA;NA;NA;NA;NA;NA;NA;NA;NA;0.00144508670520231;NA;NA;NA;NA;NA;NA;NA;NA;NA;NA;NA
[TGGA]3 [TAGA]3 TGGA [TAGA]3 [CAGA]4 TAGA CAGA TAGA;NA;NA;NA;NA;NA;NA;NA;NA;NA;NA;NA;NA;NA;NA;NA;0.00289017341040462;NA;NA;NA;NA;NA;NA;NA;NA;NA;NA;NA
TAGA TGGA [TAGA]14 [CAGA]3 TAGA;NA;NA;NA;NA;NA;NA;NA;NA;NA;NA;NA;NA;NA;NA;NA;0.00289017341040462;NA;NA;NA;NA;NA;NA;NA;NA;NA;NA;NA
TAGA TGGA [TAGA]9 [CAGA]4 TAGA;NA;NA;NA;NA;NA;NA;NA;NA;NA;NA;NA;NA;NA;NA;NA;0.00578034682080925;NA;NA;NA;NA;NA;NA;NA;NA;NA;NA;NA
TAGA TGGA [TAGA]13 [CAGA]5 TAGA;NA;NA;NA;NA;NA;NA;NA;NA;NA;NA;NA;NA;NA;NA;NA;0.00144508670520231;NA;NA;NA;NA;NA;NA;NA;NA;NA;NA;NA
TAGA TGGA [TAGA]15 [CAGA]3 TAGA;NA;NA;NA;NA;NA;NA;NA;NA;NA;NA;NA;NA;NA;NA;NA;0.00144508670520231;NA;NA;NA;NA;NA;NA;NA;NA;NA;NA;NA
TAGA TGGA [TAGA]14 [CAGA]5 TAGA;NA;NA;NA;NA;NA;NA;NA;NA;NA;NA;NA;NA;NA;NA;NA;0.00144508670520231;NA;NA;NA;NA;NA;NA;NA;NA;NA;NA;NA
[AGAT]12 [AGAC]6 AGAT;NA;NA;NA;NA;NA;NA;NA;NA;NA;NA;NA;NA;NA;NA;NA;NA;0.0935441370223979;NA;NA;NA;NA;NA;NA;NA;NA;NA;NA
[AGAT]15 [AGAC]10;NA;NA;NA;NA;NA;NA;NA;NA;NA;NA;NA;NA;NA;NA;NA;NA;0.00263504611330698;NA;NA;NA;NA;NA;NA;NA;NA;NA;NA
[AGAT]11 [AGAC]6 AGAT;NA;NA;NA;NA;NA;NA;NA;NA;NA;NA;NA;NA;NA;NA;NA;NA;0.129117259552042;NA;NA;NA;NA;NA;NA;NA;NA;NA;NA
[AGAT]13 [AGAC]6 AGAT;NA;NA;NA;NA;NA;NA;NA;NA;NA;NA;NA;NA;NA;NA;NA;NA;0.0421607378129117;NA;NA;NA;NA;NA;NA;NA;NA;NA;NA
[AGAT]10 [AGAC]6 AGAT;NA;NA;NA;NA;NA;NA;NA;NA;NA;NA;NA;NA;NA;NA;NA;NA;0.111989459815547;NA;NA;NA;NA;NA;NA;NA;NA;NA;NA
[AGAT]13 [AGAC]7 AGAT;NA;NA;NA;NA;NA;NA;NA;NA;NA;NA;NA;NA;NA;NA;NA;NA;0.0118577075098814;NA;NA;NA;NA;NA;NA;NA;NA;NA;NA
[AGAT]11 [AGAC]9;NA;NA;NA;NA;NA;NA;NA;NA;NA;NA;NA;NA;NA;NA;NA;NA;0.0382081686429512;NA;NA;NA;NA;NA;NA;NA;NA;NA;NA
[AGAT]12 [AGAC]9;NA;NA;NA;NA;NA;NA;NA;NA;NA;NA;NA;NA;NA;NA;NA;NA;0.0474308300395257;NA;NA;NA;NA;NA;NA;NA;NA;NA;NA
AGAT GAT [AGAT]9 [AGAC]7 AGAT;NA;NA;NA;NA;NA;NA;NA;NA;NA;NA;NA;NA;NA;NA;NA;NA;0.0171277997364954;NA;NA;NA;NA;NA;NA;NA;NA;NA;NA
[AGAT]13 [AGAC]9;NA;NA;NA;NA;NA;NA;NA;NA;NA;NA;NA;NA;NA;NA;NA;NA;0.0527009222661397;NA;NA;NA;NA;NA;NA;NA;NA;NA;NA
[AGAT]12 [AGAC]10;NA;NA;NA;NA;NA;NA;NA;NA;NA;NA;NA;NA;NA;NA;NA;NA;0.0223978919631094;NA;NA;NA;NA;NA;NA;NA;NA;NA;NA
[AGAT]9 [AGAC]6 AGAT;NA;NA;NA;NA;NA;NA;NA;NA;NA;NA;NA;NA;NA;NA;NA;NA;0.0276679841897233;NA;NA;NA;NA;NA;NA;NA;NA;NA;NA
[AGAT]12 [AGAC]5 AGAT;NA;NA;NA;NA;NA;NA;NA;NA;NA;NA;NA;NA;NA;NA;NA;NA;0.00658761528326746;NA;NA;NA;NA;NA;NA;NA;NA;NA;NA
[AGAT]14 [AGAC]9;NA;NA;NA;NA;NA;NA;NA;NA;NA;NA;NA;NA;NA;NA;NA;NA;0.0540184453227932;NA;NA;NA;NA;NA;NA;NA;NA;NA;NA
[AGAT]12 [AGAC]11;NA;NA;NA;NA;NA;NA;NA;NA;NA;NA;NA;NA;NA;NA;NA;NA;0.00263504611330698;NA;NA;NA;NA;NA;NA;NA;NA;NA;NA
[AGAT]14 [AGAC]11;NA;NA;NA;NA;NA;NA;NA;NA;NA;NA;NA;NA;NA;NA;NA;NA;0.00527009222661397;NA;NA;NA;NA;NA;NA;NA;NA;NA;NA
[AGAT]11 [AGAC]7 AGAT;NA;NA;NA;NA;NA;NA;NA;NA;NA;NA;NA;NA;NA;NA;NA;NA;0.0223978919631094;NA;NA;NA;NA;NA;NA;NA;NA;NA;NA
[AGAT]14 [AGAC]8 AGAT;NA;NA;NA;NA;NA;NA;NA;NA;NA;NA;NA;NA;NA;NA;NA;NA;0.0223978919631094;NA;NA;NA;NA;NA;NA;NA;NA;NA;NA
[AGAT]15 [AGAC]9;NA;NA;NA;NA;NA;NA;NA;NA;NA;NA;NA;NA;NA;NA;NA;NA;0.00790513833992095;NA;NA;NA;NA;NA;NA;NA;NA;NA;NA
[AGAT]14 [AGAC]8;NA;NA;NA;NA;NA;NA;NA;NA;NA;NA;NA;NA;NA;NA;NA;NA;0.0197628458498024;NA;NA;NA;NA;NA;NA;NA;NA;NA;NA
[AGAT]14 [AGAC]5;NA;NA;NA;NA;NA;NA;NA;NA;NA;NA;NA;NA;NA;NA;NA;NA;0.00131752305665349;NA;NA;NA;NA;NA;NA;NA;NA;NA;NA
[AGAT]14 [AGAC]6 AGAT;NA;NA;NA;NA;NA;NA;NA;NA;NA;NA;NA;NA;NA;NA;NA;NA;0.00658761528326746;NA;NA;NA;NA;NA;NA;NA;NA;NA;NA
[AGAT]15 [AGAC]7;NA;NA;NA;NA;NA;NA;NA;NA;NA;NA;NA;NA;NA;NA;NA;NA;0.00131752305665349;NA;NA;NA;NA;NA;NA;NA;NA;NA;NA
[AGAT]9 [AGAC]7 AGAT;NA;NA;NA;NA;NA;NA;NA;NA;NA;NA;NA;NA;NA;NA;NA;NA;0.00790513833992095;NA;NA;NA;NA;NA;NA;NA;NA;NA;NA
[AGAT]12 [AGAC]7 AGAT;NA;NA;NA;NA;NA;NA;NA;NA;NA;NA;NA;NA;NA;NA;NA;NA;0.0329380764163373;NA;NA;NA;NA;NA;NA;NA;NA;NA;NA
[AGAT]10 [AGAC]7 AGAT;NA;NA;NA;NA;NA;NA;NA;NA;NA;NA;NA;NA;NA;NA;NA;NA;0.00395256916996047;NA;NA;NA;NA;NA;NA;NA;NA;NA;NA
[AGAT]11 [AGAC]5 AGAT;NA;NA;NA;NA;NA;NA;NA;NA;NA;NA;NA;NA;NA;NA;NA;NA;0.00527009222661397;NA;NA;NA;NA;NA;NA;NA;NA;NA;NA
[AGAT]12 [AGAC]8;NA;NA;NA;NA;NA;NA;NA;NA;NA;NA;NA;NA;NA;NA;NA;NA;0.00658761528326746;NA;NA;NA;NA;NA;NA;NA;NA;NA;NA
[AGAT]8 [AGAC]6 AGAT;NA;NA;NA;NA;NA;NA;NA;NA;NA;NA;NA;NA;NA;NA;NA;NA;0.0447957839262187;NA;NA;NA;NA;NA;NA;NA;NA;NA;NA
[AGAT]13 [AGAC]8;NA;NA;NA;NA;NA;NA;NA;NA;NA;NA;NA;NA;NA;NA;NA;NA;0.0171277997364954;NA;NA;NA;NA;NA;NA;NA;NA;NA;NA
[AGAT]12 [AGAC]8 AGAT;NA;NA;NA;NA;NA;NA;NA;NA;NA;NA;NA;NA;NA;NA;NA;NA;0.00790513833992095;NA;NA;NA;NA;NA;NA;NA;NA;NA;NA
[AGAT]13 [AGAC]7;NA;NA;NA;NA;NA;NA;NA;NA;NA;NA;NA;NA;NA;NA;NA;NA;0.00263504611330698;NA;NA;NA;NA;NA;NA;NA;NA;NA;NA
[AGAT]13 [AGAC]10;NA;NA;NA;NA;NA;NA;NA;NA;NA;NA;NA;NA;NA;NA;NA;NA;0.00527009222661397;NA;NA;NA;NA;NA;NA;NA;NA;NA;NA
[AGAT]13 [AGAC]11;NA;NA;NA;NA;NA;NA;NA;NA;NA;NA;NA;NA;NA;NA;NA;NA;0.0118577075098814;NA;NA;NA;NA;NA;NA;NA;NA;NA;NA
AGAT GAT [AGAT]8 [AGAC]7 AGAT;NA;NA;NA;NA;NA;NA;NA;NA;NA;NA;NA;NA;NA;NA;NA;NA;0.0184453227931489;NA;NA;NA;NA;NA;NA;NA;NA;NA;NA
AGAT GAT [AGAT]11 [AGAC]7 AGAT;NA;NA;NA;NA;NA;NA;NA;NA;NA;NA;NA;NA;NA;NA;NA;NA;0.00131752305665349;NA;NA;NA;NA;NA;NA;NA;NA;NA;NA
[AGAT]15 [AGAC]8 AGAT;NA;NA;NA;NA;NA;NA;NA;NA;NA;NA;NA;NA;NA;NA;NA;NA;0.00527009222661397;NA;NA;NA;NA;NA;NA;NA;NA;NA;NA
[AGAT]13 [AGAC]8 AGAT;NA;NA;NA;NA;NA;NA;NA;NA;NA;NA;NA;NA;NA;NA;NA;NA;0.00922266139657444;NA;NA;NA;NA;NA;NA;NA;NA;NA;NA
AGGT [AGAT]10 [AGAC]9;NA;NA;NA;NA;NA;NA;NA;NA;NA;NA;NA;NA;NA;NA;NA;NA;0.00790513833992095;NA;NA;NA;NA;NA;NA;NA;NA;NA;NA
[AGAT]11 [AGAC]10;NA;NA;NA;NA;NA;NA;NA;NA;NA;NA;NA;NA;NA;NA;NA;NA;0.00527009222661397;NA;NA;NA;NA;NA;NA;NA;NA;NA;NA
AGAT GAT [AGAT]10 [AGAC]7 AGAT;NA;NA;NA;NA;NA;NA;NA;NA;NA;NA;NA;NA;NA;NA;NA;NA;0.00790513833992095;NA;NA;NA;NA;NA;NA;NA;NA;NA;NA
[AGAT]13 [AGAC]9 AGAT;NA;NA;NA;NA;NA;NA;NA;NA;NA;NA;NA;NA;NA;NA;NA;NA;0.00790513833992095;NA;NA;NA;NA;NA;NA;NA;NA;NA;NA
[AGAT]11 [AGAC]9 AGAT;NA;NA;NA;NA;NA;NA;NA;NA;NA;NA;NA;NA;NA;NA;NA;NA;0.00131752305665349;NA;NA;NA;NA;NA;NA;NA;NA;NA;NA
[AGAT]11 [AGAC]10 AGAT;NA;NA;NA;NA;NA;NA;NA;NA;NA;NA;NA;NA;NA;NA;NA;NA;0.00527009222661397;NA;NA;NA;NA;NA;NA;NA;NA;NA;NA
AGGT [AGAT]11 [AGAC]9;NA;NA;NA;NA;NA;NA;NA;NA;NA;NA;NA;NA;NA;NA;NA;NA;0.00131752305665349;NA;NA;NA;NA;NA;NA;NA;NA;NA;NA
[AGAT]15 [AGAC]6 AGAT;NA;NA;NA;NA;NA;NA;NA;NA;NA;NA;NA;NA;NA;NA;NA;NA;0.00131752305665349;NA;NA;NA;NA;NA;NA;NA;NA;NA;NA
[AGAT]11 [AGAC]11;NA;NA;NA;NA;NA;NA;NA;NA;NA;NA;NA;NA;NA;NA;NA;NA;0.00131752305665349;NA;NA;NA;NA;NA;NA;NA;NA;NA;NA
[AGAT]15 [AGAC]7 AGAT;NA;NA;NA;NA;NA;NA;NA;NA;NA;NA;NA;NA;NA;NA;NA;NA;0.00263504611330698;NA;NA;NA;NA;NA;NA;NA;NA;NA;NA
[AGAT]14 [AGAC]10;NA;NA;NA;NA;NA;NA;NA;NA;NA;NA;NA;NA;NA;NA;NA;NA;0.00527009222661397;NA;NA;NA;NA;NA;NA;NA;NA;NA;NA
AGGT [AGAT]15 [AGAC]8 AGAT;NA;NA;NA;NA;NA;NA;NA;NA;NA;NA;NA;NA;NA;NA;NA;NA;0.00395256916996047;NA;NA;NA;NA;NA;NA;NA;NA;NA;NA
AGGT [AGAT]16 [AGAC]8 AGAT;NA;NA;NA;NA;NA;NA;NA;NA;NA;NA;NA;NA;NA;NA;NA;NA;0.00263504611330698;NA;NA;NA;NA;NA;NA;NA;NA;NA;NA
[AGAT]16 [AGAC]8 AGAT;NA;NA;NA;NA;NA;NA;NA;NA;NA;NA;NA;NA;NA;NA;NA;NA;0.00131752305665349;NA;NA;NA;NA;NA;NA;NA;NA;NA;NA
[AGAT]15 [AGAC]10 AGAT;NA;NA;NA;NA;NA;NA;NA;NA;NA;NA;NA;NA;NA;NA;NA;NA;0.00131752305665349;NA;NA;NA;NA;NA;NA;NA;NA;NA;NA
[AGAT]14 [AGAC]7 AGAT;NA;NA;NA;NA;NA;NA;NA;NA;NA;NA;NA;NA;NA;NA;NA;NA;0.00131752305665349;NA;NA;NA;NA;NA;NA;NA;NA;NA;NA
[AGAT]16 [AGAC]10;NA;NA;NA;NA;NA;NA;NA;NA;NA;NA;NA;NA;NA;NA;NA;NA;0.00131752305665349;NA;NA;NA;NA;NA;NA;NA;NA;NA;NA
AGGT [AGAT]14 [AGAC]9;NA;NA;NA;NA;NA;NA;NA;NA;NA;NA;NA;NA;NA;NA;NA;NA;0.00131752305665349;NA;NA;NA;NA;NA;NA;NA;NA;NA;NA
[AGAT]12 [AGAC]10 AGAT;NA;NA;NA;NA;NA;NA;NA;NA;NA;NA;NA;NA;NA;NA;NA;NA;0.00263504611330698;NA;NA;NA;NA;NA;NA;NA;NA;NA;NA
[AGAT]16 [AGAC]9 AGAT;NA;NA;NA;NA;NA;NA;NA;NA;NA;NA;NA;NA;NA;NA;NA;NA;0.00131752305665349;NA;NA;NA;NA;NA;NA;NA;NA;NA;NA
[AGAT]12 [AGAC]12;NA;NA;NA;NA;NA;NA;NA;NA;NA;NA;NA;NA;NA;NA;NA;NA;0.00131752305665349;NA;NA;NA;NA;NA;NA;NA;NA;NA;NA
[AGAT]10 [AGAC]9;NA;NA;NA;NA;NA;NA;NA;NA;NA;NA;NA;NA;NA;NA;NA;NA;0.00131752305665349;NA;NA;NA;NA;NA;NA;NA;NA;NA;NA
[AGAT]16 [AGAC]8;NA;NA;NA;NA;NA;NA;NA;NA;NA;NA;NA;NA;NA;NA;NA;NA;0.00131752305665349;NA;NA;NA;NA;NA;NA;NA;NA;NA;NA
[AGAT]15 [AGAC]9 AGAT;NA;NA;NA;NA;NA;NA;NA;NA;NA;NA;NA;NA;NA;NA;NA;NA;0.00131752305665349;NA;NA;NA;NA;NA;NA;NA;NA;NA;NA
[AGAT]16 [AGAC]9;NA;NA;NA;NA;NA;NA;NA;NA;NA;NA;NA;NA;NA;NA;NA;NA;0.00131752305665349;NA;NA;NA;NA;NA;NA;NA;NA;NA;NA
[AGAT]15 [AGAC]8;NA;NA;NA;NA;NA;NA;NA;NA;NA;NA;NA;NA;NA;NA;NA;NA;0.00131752305665349;NA;NA;NA;NA;NA;NA;NA;NA;NA;NA
[TATC]13 [AATC]2 [ATCT]3 TTCT GTCT GTC;NA;NA;NA;NA;NA;NA;NA;NA;NA;NA;NA;NA;NA;NA;NA;NA;NA;0.0968622100954979;NA;NA;NA;NA;NA;NA;NA;NA;NA
[TATC]13 AATC [ATCT]3 TTCT GTCT GTC;NA;NA;NA;NA;NA;NA;NA;NA;NA;NA;NA;NA;NA;NA;NA;NA;NA;0.13506139154161;NA;NA;NA;NA;NA;NA;NA;NA;NA
[TATC]12 AATC [ATCT]3 TTCT GTCT GTC;NA;NA;NA;NA;NA;NA;NA;NA;NA;NA;NA;NA;NA;NA;NA;NA;NA;0.147339699863574;NA;NA;NA;NA;NA;NA;NA;NA;NA
[TATC]14 [AATC]2 [ATCT]3 TTCT GTCT GTC;NA;NA;NA;NA;NA;NA;NA;NA;NA;NA;NA;NA;NA;NA;NA;NA;NA;0.0313778990450205;NA;NA;NA;NA;NA;NA;NA;NA;NA
[TATC]12 [AATC]2 [ATCT]3 TTCT GTCT GTC;NA;NA;NA;NA;NA;NA;NA;NA;NA;NA;NA;NA;NA;NA;NA;NA;NA;0.175989085948158;NA;NA;NA;NA;NA;NA;NA;NA;NA
[TATC]8 [AATC]2 [ATCT]3 TTCT GTCT GTC;NA;NA;NA;NA;NA;NA;NA;NA;NA;NA;NA;NA;NA;NA;NA;NA;NA;0.121418826739427;NA;NA;NA;NA;NA;NA;NA;NA;NA
[TATC]10 [AATC]2 [ATCT]3 TTCT GTCT GTC;NA;NA;NA;NA;NA;NA;NA;NA;NA;NA;NA;NA;NA;NA;NA;NA;NA;0.0832196452933151;NA;NA;NA;NA;NA;NA;NA;NA;NA
[TATC]9 [AATC]2 [ATCT]3 TTCT GTCT GTC;NA;NA;NA;NA;NA;NA;NA;NA;NA;NA;NA;NA;NA;NA;NA;NA;NA;0.0668485675306958;NA;NA;NA;NA;NA;NA;NA;NA;NA
[TATC]11 [AATC]2 [ATCT]3 TTCT GTCT GTC;NA;NA;NA;NA;NA;NA;NA;NA;NA;NA;NA;NA;NA;NA;NA;NA;NA;0.0982264665757162;NA;NA;NA;NA;NA;NA;NA;NA;NA
[TATC]14 AATC [ATCT]3 TTCT GTCT GTC;NA;NA;NA;NA;NA;NA;NA;NA;NA;NA;NA;NA;NA;NA;NA;NA;NA;0.0272851296043656;NA;NA;NA;NA;NA;NA;NA;NA;NA
[TATC]15 AATC [ATCT]3 TTCT GTCT GTC;NA;NA;NA;NA;NA;NA;NA;NA;NA;NA;NA;NA;NA;NA;NA;NA;NA;0.00682128240109141;NA;NA;NA;NA;NA;NA;NA;NA;NA
[TATC]11 AATC [ATCT]3 TTCT GTCT GTC;NA;NA;NA;NA;NA;NA;NA;NA;NA;NA;NA;NA;NA;NA;NA;NA;NA;0.00954979536152797;NA;NA;NA;NA;NA;NA;NA;NA;NA
[TCTTT]5;NA;NA;NA;NA;NA;NA;NA;NA;NA;NA;NA;NA;NA;NA;NA;NA;NA;NA;0.0806675938803894;NA;NA;NA;NA;NA;NA;NA;NA
[TCTTT]18;NA;NA;NA;NA;NA;NA;NA;NA;NA;NA;NA;NA;NA;NA;NA;NA;NA;NA;0.0250347705146036;NA;NA;NA;NA;NA;NA;NA;NA
[TCTTT]10;NA;NA;NA;NA;NA;NA;NA;NA;NA;NA;NA;NA;NA;NA;NA;NA;NA;NA;0.126564673157163;NA;NA;NA;NA;NA;NA;NA;NA
[TCTTT]16;NA;NA;NA;NA;NA;NA;NA;NA;NA;NA;NA;NA;NA;NA;NA;NA;NA;NA;0.0556328233657858;NA;NA;NA;NA;NA;NA;NA;NA
[TCTTT]15;NA;NA;NA;NA;NA;NA;NA;NA;NA;NA;NA;NA;NA;NA;NA;NA;NA;NA;0.066759388038943;NA;NA;NA;NA;NA;NA;NA;NA
[TCTTT]17;NA;NA;NA;NA;NA;NA;NA;NA;NA;NA;NA;NA;NA;NA;NA;NA;NA;NA;0.0653685674547983;NA;NA;NA;NA;NA;NA;NA;NA
[TCTTT]12;NA;NA;NA;NA;NA;NA;NA;NA;NA;NA;NA;NA;NA;NA;NA;NA;NA;NA;0.157162726008345;NA;NA;NA;NA;NA;NA;NA;NA
[TCTTT]13;NA;NA;NA;NA;NA;NA;NA;NA;NA;NA;NA;NA;NA;NA;NA;NA;NA;NA;0.0653685674547983;NA;NA;NA;NA;NA;NA;NA;NA
[TCTTT]7;NA;NA;NA;NA;NA;NA;NA;NA;NA;NA;NA;NA;NA;NA;NA;NA;NA;NA;0.150208623087622;NA;NA;NA;NA;NA;NA;NA;NA
[TCTTT]14;NA;NA;NA;NA;NA;NA;NA;NA;NA;NA;NA;NA;NA;NA;NA;NA;NA;NA;0.0653685674547983;NA;NA;NA;NA;NA;NA;NA;NA
[TCTTT]11;NA;NA;NA;NA;NA;NA;NA;NA;NA;NA;NA;NA;NA;NA;NA;NA;NA;NA;0.109874826147427;NA;NA;NA;NA;NA;NA;NA;NA
[TCTTT]20;NA;NA;NA;NA;NA;NA;NA;NA;NA;NA;NA;NA;NA;NA;NA;NA;NA;NA;0.00278164116828929;NA;NA;NA;NA;NA;NA;NA;NA
[TCTTT]19;NA;NA;NA;NA;NA;NA;NA;NA;NA;NA;NA;NA;NA;NA;NA;NA;NA;NA;0.00556328233657858;NA;NA;NA;NA;NA;NA;NA;NA
[TCTTT]9;NA;NA;NA;NA;NA;NA;NA;NA;NA;NA;NA;NA;NA;NA;NA;NA;NA;NA;0.00973574408901252;NA;NA;NA;NA;NA;NA;NA;NA
[TCTTT]22;NA;NA;NA;NA;NA;NA;NA;NA;NA;NA;NA;NA;NA;NA;NA;NA;NA;NA;0.00139082058414465;NA;NA;NA;NA;NA;NA;NA;NA
[TCTTT]8;NA;NA;NA;NA;NA;NA;NA;NA;NA;NA;NA;NA;NA;NA;NA;NA;NA;NA;0.00973574408901252;NA;NA;NA;NA;NA;NA;NA;NA
[TCTTT]21;NA;NA;NA;NA;NA;NA;NA;NA;NA;NA;NA;NA;NA;NA;NA;NA;NA;NA;0.00278164116828929;NA;NA;NA;NA;NA;NA;NA;NA
[GATA]11;NA;NA;NA;NA;NA;NA;NA;NA;NA;NA;NA;NA;NA;NA;NA;NA;NA;NA;NA;0.292537313432836;NA;NA;NA;NA;NA;NA;NA
[GATA]12;NA;NA;NA;NA;NA;NA;NA;NA;NA;NA;NA;NA;NA;NA;NA;NA;NA;NA;NA;0.3;NA;NA;NA;NA;NA;NA;NA
[GATA]9;NA;NA;NA;NA;NA;NA;NA;NA;NA;NA;NA;NA;NA;NA;NA;NA;NA;NA;NA;0.135820895522388;NA;NA;NA;NA;NA;NA;NA
[GATA]13;NA;NA;NA;NA;NA;NA;NA;NA;NA;NA;NA;NA;NA;NA;NA;NA;NA;NA;NA;0.183582089552239;NA;NA;NA;NA;NA;NA;NA
[GATA]10;NA;NA;NA;NA;NA;NA;NA;NA;NA;NA;NA;NA;NA;NA;NA;NA;NA;NA;NA;0.0373134328358209;NA;NA;NA;NA;NA;NA;NA
[GATA]8;NA;NA;NA;NA;NA;NA;NA;NA;NA;NA;NA;NA;NA;NA;NA;NA;NA;NA;NA;0.0104477611940299;NA;NA;NA;NA;NA;NA;NA
[GATA]14;NA;NA;NA;NA;NA;NA;NA;NA;NA;NA;NA;NA;NA;NA;NA;NA;NA;NA;NA;0.0402985074626866;NA;NA;NA;NA;NA;NA;NA
[AGAT]12;NA;NA;NA;NA;NA;NA;NA;NA;NA;NA;NA;NA;NA;NA;NA;NA;NA;NA;NA;NA;0.386466165413534;NA;NA;0.0197268588770865;NA;NA;NA
[AGAT]13;NA;NA;NA;NA;NA;NA;NA;NA;NA;NA;NA;NA;NA;NA;NA;NA;NA;NA;NA;NA;0.21203007518797;NA;NA;0.247344461305008;NA;NA;NA
[AGAT]11;NA;NA;NA;NA;NA;NA;NA;NA;NA;NA;NA;NA;NA;NA;NA;NA;NA;NA;NA;NA;0.329323308270677;NA;NA;0.0151745068285281;NA;NA;NA
[AGAT]14;NA;NA;NA;NA;NA;NA;NA;NA;NA;NA;NA;NA;NA;NA;NA;NA;NA;NA;NA;NA;0.0330827067669173;NA;NA;0.39453717754173;NA;NA;NA
[AGAT]10;NA;NA;NA;NA;NA;NA;NA;NA;NA;NA;NA;NA;NA;NA;NA;NA;NA;NA;NA;NA;0.0300751879699248;NA;NA;0.00151745068285281;NA;NA;NA
[AGAT]9;NA;NA;NA;NA;NA;NA;NA;NA;NA;NA;NA;NA;NA;NA;NA;NA;NA;NA;NA;NA;0.00300751879699248;NA;NA;0.00910470409711684;NA;NA;NA
[AGAT]15;NA;NA;NA;NA;NA;NA;NA;NA;NA;NA;NA;NA;NA;NA;NA;NA;NA;NA;NA;NA;0.00451127819548872;NA;NA;0.215477996965099;NA;NA;NA
[AGAT]7;NA;NA;NA;NA;NA;NA;NA;NA;NA;NA;NA;NA;NA;NA;NA;NA;NA;NA;NA;NA;0.00150375939849624;NA;NA;NA;NA;NA;NA
[AGAA]12 AAAG AGAG AG;NA;NA;NA;NA;NA;NA;NA;NA;NA;NA;NA;NA;NA;NA;NA;NA;NA;NA;NA;NA;NA;0.12859097127223;NA;NA;NA;NA;NA
[AGAA]14 AAAG AGAG AG;NA;NA;NA;NA;NA;NA;NA;NA;NA;NA;NA;NA;NA;NA;NA;NA;NA;NA;NA;NA;NA;0.168262653898769;NA;NA;NA;NA;NA
[AGAA]15 AAAG AGAG AG;NA;NA;NA;NA;NA;NA;NA;NA;NA;NA;NA;NA;NA;NA;NA;NA;NA;NA;NA;NA;NA;0.140902872777018;NA;NA;NA;NA;NA
[AGAA]16 AAAG AGAG AG;NA;NA;NA;NA;NA;NA;NA;NA;NA;NA;NA;NA;NA;NA;NA;NA;NA;NA;NA;NA;NA;0.105335157318741;NA;NA;NA;NA;NA
[AGAA]19 AAAG AGAG AG;NA;NA;NA;NA;NA;NA;NA;NA;NA;NA;NA;NA;NA;NA;NA;NA;NA;NA;NA;NA;NA;0.0478796169630643;NA;NA;NA;NA;NA
[AGAA]18 AAAG AGAG AG;NA;NA;NA;NA;NA;NA;NA;NA;NA;NA;NA;NA;NA;NA;NA;NA;NA;NA;NA;NA;NA;0.0820793433652531;NA;NA;NA;NA;NA
[AGAA]10 AAAG AGAG AG;NA;NA;NA;NA;NA;NA;NA;NA;NA;NA;NA;NA;NA;NA;NA;NA;NA;NA;NA;NA;NA;0.0205198358413133;NA;NA;NA;NA;NA
[AGAA]13 AAAG AGAG AG;NA;NA;NA;NA;NA;NA;NA;NA;NA;NA;NA;NA;NA;NA;NA;NA;NA;NA;NA;NA;NA;0.131326949384405;NA;NA;NA;NA;NA
[AGAA]17 AAAG AGAG AG;NA;NA;NA;NA;NA;NA;NA;NA;NA;NA;NA;NA;NA;NA;NA;NA;NA;NA;NA;NA;NA;0.112175102599179;NA;NA;NA;NA;NA
AGAA AGCA [AGAA]12 AAAG AGAG AG;NA;NA;NA;NA;NA;NA;NA;NA;NA;NA;NA;NA;NA;NA;NA;NA;NA;NA;NA;NA;NA;0.0150478796169631;NA;NA;NA;NA;NA
[AGAA]22 AAAG AGAG AG;NA;NA;NA;NA;NA;NA;NA;NA;NA;NA;NA;NA;NA;NA;NA;NA;NA;NA;NA;NA;NA;0.00820793433652531;NA;NA;NA;NA;NA
[AGAA]20 AAAG AGAG AG;NA;NA;NA;NA;NA;NA;NA;NA;NA;NA;NA;NA;NA;NA;NA;NA;NA;NA;NA;NA;NA;0.0164158686730506;NA;NA;NA;NA;NA
[AGAA]21 AAAG AGAG AG;NA;NA;NA;NA;NA;NA;NA;NA;NA;NA;NA;NA;NA;NA;NA;NA;NA;NA;NA;NA;NA;0.00957592339261286;NA;NA;NA;NA;NA
[AGAA]11 AAAG AGAG AG;NA;NA;NA;NA;NA;NA;NA;NA;NA;NA;NA;NA;NA;NA;NA;NA;NA;NA;NA;NA;NA;0.00820793433652531;NA;NA;NA;NA;NA
[AGAA]9 AAAG AGAG AG;NA;NA;NA;NA;NA;NA;NA;NA;NA;NA;NA;NA;NA;NA;NA;NA;NA;NA;NA;NA;NA;0.00136798905608755;NA;NA;NA;NA;NA
AGAA AGCA [AGAA]13 AAAG AGAG AG;NA;NA;NA;NA;NA;NA;NA;NA;NA;NA;NA;NA;NA;NA;NA;NA;NA;NA;NA;NA;NA;0.0027359781121751;NA;NA;NA;NA;NA
[AGAA]24 AAAG AGAG AG;NA;NA;NA;NA;NA;NA;NA;NA;NA;NA;NA;NA;NA;NA;NA;NA;NA;NA;NA;NA;NA;0.00136798905608755;NA;NA;NA;NA;NA
CT CTCT TTCT TCCT CTCT [CCTT]11 CCTA CCTT CTTT CCTT;NA;NA;NA;NA;NA;NA;NA;NA;NA;NA;NA;NA;NA;NA;NA;NA;NA;NA;NA;NA;NA;NA;0.22707423580786;NA;NA;NA;NA
CT CTCT TTCT TCCT CTCT [CCTT]12 CCTA CCTT CTTT CCTT;NA;NA;NA;NA;NA;NA;NA;NA;NA;NA;NA;NA;NA;NA;NA;NA;NA;NA;NA;NA;NA;NA;0.320232896652111;NA;NA;NA;NA
CT CTCT TTCT TCCT CTCT [CCTT]13 CCTA CCTT CTTT CCTT;NA;NA;NA;NA;NA;NA;NA;NA;NA;NA;NA;NA;NA;NA;NA;NA;NA;NA;NA;NA;NA;NA;0.203784570596798;NA;NA;NA;NA
CT CTCT TTCT TCCT CTCT [CCTT]10 CCTA CCTT CTTT CCTT;NA;NA;NA;NA;NA;NA;NA;NA;NA;NA;NA;NA;NA;NA;NA;NA;NA;NA;NA;NA;NA;NA;0.0640465793304221;NA;NA;NA;NA
CT CTCT TTCT TCCT CTCT [CCTT]15 CCTA CCTT TT CCTT;NA;NA;NA;NA;NA;NA;NA;NA;NA;NA;NA;NA;NA;NA;NA;NA;NA;NA;NA;NA;NA;NA;0.0262008733624454;NA;NA;NA;NA
CT CTCT TTCT TCCT CTCT [CCTT]12 CCTA CCTT TT CCTT;NA;NA;NA;NA;NA;NA;NA;NA;NA;NA;NA;NA;NA;NA;NA;NA;NA;NA;NA;NA;NA;NA;0.0160116448326055;NA;NA;NA;NA
CT CTCT TTCT TCCT CTCT [CCTT]14 CCTA CCTT CTTT CCTT;NA;NA;NA;NA;NA;NA;NA;NA;NA;NA;NA;NA;NA;NA;NA;NA;NA;NA;NA;NA;NA;NA;0.0567685589519651;NA;NA;NA;NA
CT CTCT TTCT TCCT CTCT [CCTT]13 CCTA CCTT TT CCTT;NA;NA;NA;NA;NA;NA;NA;NA;NA;NA;NA;NA;NA;NA;NA;NA;NA;NA;NA;NA;NA;NA;0.0232896652110626;NA;NA;NA;NA
CT CTCT TTCT TCCT CTCT [CCTT]9 CCTA CCTT CTTT CCTT;NA;NA;NA;NA;NA;NA;NA;NA;NA;NA;NA;NA;NA;NA;NA;NA;NA;NA;NA;NA;NA;NA;0.00291120815138282;NA;NA;NA;NA
CT CTCT TTCT TCCT CTCT [CCTT]14 CTTT CCTT;NA;NA;NA;NA;NA;NA;NA;NA;NA;NA;NA;NA;NA;NA;NA;NA;NA;NA;NA;NA;NA;NA;0.00582241630276565;NA;NA;NA;NA
CT CTCT TTCT TCCT CTCT [CCTT]14 CCTA CCTT TT CCTT;NA;NA;NA;NA;NA;NA;NA;NA;NA;NA;NA;NA;NA;NA;NA;NA;NA;NA;NA;NA;NA;NA;0.0334788937409025;NA;NA;NA;NA
CT CTCT TTCT TCCT CTCT [CCTT]15 CTTT CCTT;NA;NA;NA;NA;NA;NA;NA;NA;NA;NA;NA;NA;NA;NA;NA;NA;NA;NA;NA;NA;NA;NA;0.00291120815138282;NA;NA;NA;NA
CT CTCT TTCT TCCT CTCT [CCTT]16 CCTA CCTT TT CCTT;NA;NA;NA;NA;NA;NA;NA;NA;NA;NA;NA;NA;NA;NA;NA;NA;NA;NA;NA;NA;NA;NA;0.00436681222707424;NA;NA;NA;NA
CT CTCT TTCT TCCT CTCT [CCTT]15 CCTA CCTT CTTT CCTT;NA;NA;NA;NA;NA;NA;NA;NA;NA;NA;NA;NA;NA;NA;NA;NA;NA;NA;NA;NA;NA;NA;0.00582241630276565;NA;NA;NA;NA
CT CTCT TTCT TCCT CTCT [CCTT]13 CTTT CCTT;NA;NA;NA;NA;NA;NA;NA;NA;NA;NA;NA;NA;NA;NA;NA;NA;NA;NA;NA;NA;NA;NA;0.00582241630276565;NA;NA;NA;NA
CT CTCT TTCT TCCT CTCT [CCTT]12 CTTT CCTT;NA;NA;NA;NA;NA;NA;NA;NA;NA;NA;NA;NA;NA;NA;NA;NA;NA;NA;NA;NA;NA;NA;0.00145560407569141;NA;NA;NA;NA
[AGAT]16;NA;NA;NA;NA;NA;NA;NA;NA;NA;NA;NA;NA;NA;NA;NA;NA;NA;NA;NA;NA;NA;NA;NA;0.0925644916540212;NA;NA;NA
[AGAT]17;NA;NA;NA;NA;NA;NA;NA;NA;NA;NA;NA;NA;NA;NA;NA;NA;NA;NA;NA;NA;NA;NA;NA;0.00455235204855842;NA;NA;NA
[TCTA]6 [TCTG]5 [TCTA]3 TA [TCTA]3 TCA [TCTA]2 TCCATA [TCTA]10;NA;NA;NA;NA;NA;NA;NA;NA;NA;NA;NA;NA;NA;NA;NA;NA;NA;NA;NA;NA;NA;NA;NA;NA;0.0514208389715832;NA;NA
[TCTA]4 [TCTG]6 [TCTA]3 TA [TCTA]3 TCA [TCTA]2 TCCATA [TCTA]11;NA;NA;NA;NA;NA;NA;NA;NA;NA;NA;NA;NA;NA;NA;NA;NA;NA;NA;NA;NA;NA;NA;NA;NA;0.156968876860622;NA;NA
[TCTA]5 [TCTG]6 [TCTA]3 TA [TCTA]3 TCA [TCTA]2 TCCATA [TCTA]11 TA TCTA;NA;NA;NA;NA;NA;NA;NA;NA;NA;NA;NA;NA;NA;NA;NA;NA;NA;NA;NA;NA;NA;NA;NA;NA;0.0663058186738836;NA;NA
[TCTA]5 [TCTG]6 [TCTA]3 TA [TCTA]3 TCA [TCTA]2 TCCATA [TCTA]13;NA;NA;NA;NA;NA;NA;NA;NA;NA;NA;NA;NA;NA;NA;NA;NA;NA;NA;NA;NA;NA;NA;NA;NA;0.0175913396481732;NA;NA
[TCTA]5 [TCTG]6 [TCTA]3 TA [TCTA]3 TCA [TCTA]2 TCCATA [TCTA]11;NA;NA;NA;NA;NA;NA;NA;NA;NA;NA;NA;NA;NA;NA;NA;NA;NA;NA;NA;NA;NA;NA;NA;NA;0.054127198917456;NA;NA
[TCTA]6 [TCTG]5 [TCTA]3 TA [TCTA]3 TCA [TCTA]2 TCCATA [TCTA]9;NA;NA;NA;NA;NA;NA;NA;NA;NA;NA;NA;NA;NA;NA;NA;NA;NA;NA;NA;NA;NA;NA;NA;NA;0.0040595399188092;NA;NA
[TCTA]4 [TCTG]6 [TCTA]3 TA [TCTA]3 TCA [TCTA]2 TCCATA [TCTA]9;NA;NA;NA;NA;NA;NA;NA;NA;NA;NA;NA;NA;NA;NA;NA;NA;NA;NA;NA;NA;NA;NA;NA;NA;0.0365358592692828;NA;NA
[TCTA]6 [TCTG]5 [TCTA]3 TA [TCTA]3 TCA [TCTA]2 TCCATA [TCTA]11;NA;NA;NA;NA;NA;NA;NA;NA;NA;NA;NA;NA;NA;NA;NA;NA;NA;NA;NA;NA;NA;NA;NA;NA;0.15020297699594;NA;NA
[TCTA]5 [TCTG]6 [TCTA]3 TA [TCTA]3 TCA [TCTA]2 TCCATA [TCTA]12 TA TCTA;NA;NA;NA;NA;NA;NA;NA;NA;NA;NA;NA;NA;NA;NA;NA;NA;NA;NA;NA;NA;NA;NA;NA;NA;0.0771312584573748;NA;NA
[TCTA]4 [TCTG]6 [TCTA]3 TA [TCTA]3 TCA [TCTA]2 TCCATA [TCTA]10;NA;NA;NA;NA;NA;NA;NA;NA;NA;NA;NA;NA;NA;NA;NA;NA;NA;NA;NA;NA;NA;NA;NA;NA;0.158322056833559;NA;NA
[TCTA]5 [TCTG]6 [TCTA]3 TA [TCTA]3 TCA [TCTA]2 TCCATA [TCTA]12;NA;NA;NA;NA;NA;NA;NA;NA;NA;NA;NA;NA;NA;NA;NA;NA;NA;NA;NA;NA;NA;NA;NA;NA;0.0297699594046008;NA;NA
[TCTA]5 [TCTG]6 [TCTA]3 TA [TCTA]3 TCA [TCTA]2 TCCATA [TCTA]10 TA TCTA;NA;NA;NA;NA;NA;NA;NA;NA;NA;NA;NA;NA;NA;NA;NA;NA;NA;NA;NA;NA;NA;NA;NA;NA;0.0351826792963464;NA;NA
[TCTA]4 [TCTG]6 [TCTA]3 TA [TCTA]3 TCA [TCTA]2 TCCATA [TCTA]12;NA;NA;NA;NA;NA;NA;NA;NA;NA;NA;NA;NA;NA;NA;NA;NA;NA;NA;NA;NA;NA;NA;NA;NA;0.0487144790257104;NA;NA
[TCTA]5 [TCTG]6 [TCTA]3 TA [TCTA]3 TCA [TCTA]2 TCCATA [TCTA]13 TA TCTA;NA;NA;NA;NA;NA;NA;NA;NA;NA;NA;NA;NA;NA;NA;NA;NA;NA;NA;NA;NA;NA;NA;NA;NA;0.0297699594046008;NA;NA
[TCTA]6 [TCTG]5 [TCTA]3 TA [TCTA]3 TCA [TCTA]2 TCCATA [TCTA]12;NA;NA;NA;NA;NA;NA;NA;NA;NA;NA;NA;NA;NA;NA;NA;NA;NA;NA;NA;NA;NA;NA;NA;NA;0.027063599458728;NA;NA
[TCTA]7 [TCTG]5 [TCTA]3 TA [TCTA]3 TCA [TCTA]2 TCCATA [TCTA]12;NA;NA;NA;NA;NA;NA;NA;NA;NA;NA;NA;NA;NA;NA;NA;NA;NA;NA;NA;NA;NA;NA;NA;NA;0.0013531799729364;NA;NA
[TCTA]5 [TCTG]6 [TCTA]3 TA [TCTA]2 TCA [TCTA]2 TCCATA [TCTA]11;NA;NA;NA;NA;NA;NA;NA;NA;NA;NA;NA;NA;NA;NA;NA;NA;NA;NA;NA;NA;NA;NA;NA;NA;0.0027063599458728;NA;NA
[TCTA]6 [TCTG]5 [TCTA]3 TA [TCTA]3 TCA [TCTA]2 TCCATA [TCTA]8;NA;NA;NA;NA;NA;NA;NA;NA;NA;NA;NA;NA;NA;NA;NA;NA;NA;NA;NA;NA;NA;NA;NA;NA;0.0094722598105548;NA;NA
[TCTA]4 [TCTG]6 [TCTA]3 TA [TCTA]3 TCA [TCTA]2 TCCATA [TCTA]13;NA;NA;NA;NA;NA;NA;NA;NA;NA;NA;NA;NA;NA;NA;NA;NA;NA;NA;NA;NA;NA;NA;NA;NA;0.0108254397834912;NA;NA
[TCTA]6 [TCTG]4 [TCTA]3 TA [TCTA]3 TCA [TCTA]2 TCCATA [TCTA]11;NA;NA;NA;NA;NA;NA;NA;NA;NA;NA;NA;NA;NA;NA;NA;NA;NA;NA;NA;NA;NA;NA;NA;NA;0.0013531799729364;NA;NA
[TCTA]5 [TCTG]6 [TCTA]3 TCA [TCTA]2 TCCATA [TCTA]9;NA;NA;NA;NA;NA;NA;NA;NA;NA;NA;NA;NA;NA;NA;NA;NA;NA;NA;NA;NA;NA;NA;NA;NA;0.0013531799729364;NA;NA
[TCTA]5 [TCTG]6 [TCTA]3 TA [TCTA]3 TCA [TCTA]2 TCCATA [TCTA]10;NA;NA;NA;NA;NA;NA;NA;NA;NA;NA;NA;NA;NA;NA;NA;NA;NA;NA;NA;NA;NA;NA;NA;NA;0.0027063599458728;NA;NA
[TCTA]5 [TCTG]6 [TCTA]3 TCA [TCTA]2 TCCATA [TCTA]10;NA;NA;NA;NA;NA;NA;NA;NA;NA;NA;NA;NA;NA;NA;NA;NA;NA;NA;NA;NA;NA;NA;NA;NA;0.0013531799729364;NA;NA
[TCTA]5 [TCTG]5 [TCTA]3 TA [TCTA]3 TCA [TCTA]2 TCCATA [TCTA]11 TA TCTA;NA;NA;NA;NA;NA;NA;NA;NA;NA;NA;NA;NA;NA;NA;NA;NA;NA;NA;NA;NA;NA;NA;NA;NA;0.0081190798376184;NA;NA
[TCTA]5 [TCTG]5 [TCTA]3 TA [TCTA]3 TCA [TCTA]2 TCCATA [TCTA]12 TA TCTA;NA;NA;NA;NA;NA;NA;NA;NA;NA;NA;NA;NA;NA;NA;NA;NA;NA;NA;NA;NA;NA;NA;NA;NA;0.0013531799729364;NA;NA
[TCTA]7 [TCTG]5 [TCTA]3 TA [TCTA]3 TCA [TCTA]2 TCCATA [TCTA]11;NA;NA;NA;NA;NA;NA;NA;NA;NA;NA;NA;NA;NA;NA;NA;NA;NA;NA;NA;NA;NA;NA;NA;NA;0.0054127198917456;NA;NA
[TCTA]6 [TCTG]5 [TCTA]3 TCA [TCTA]2 TCCATA [TCTA]12;NA;NA;NA;NA;NA;NA;NA;NA;NA;NA;NA;NA;NA;NA;NA;NA;NA;NA;NA;NA;NA;NA;NA;NA;0.0013531799729364;NA;NA
[TCTA]4 [TCTG]7 [TCTA]3 TA [TCTA]3 TCA [TCTA]2 TCCATA [TCTA]10;NA;NA;NA;NA;NA;NA;NA;NA;NA;NA;NA;NA;NA;NA;NA;NA;NA;NA;NA;NA;NA;NA;NA;NA;0.0013531799729364;NA;NA
[TCTA]6 [TCTG]5 [TCTA]3 TA [TCTA]3 TCA [TCTA]2 TCCATA [TCTA]13;NA;NA;NA;NA;NA;NA;NA;NA;NA;NA;NA;NA;NA;NA;NA;NA;NA;NA;NA;NA;NA;NA;NA;NA;0.0013531799729364;NA;NA
[TCTA]5 [TCTG]5 [TCTA]3 TA [TCTA]3 TCA [TCTA]2 TCCATA [TCTA]11;NA;NA;NA;NA;NA;NA;NA;NA;NA;NA;NA;NA;NA;NA;NA;NA;NA;NA;NA;NA;NA;NA;NA;NA;0.0013531799729364;NA;NA
[TCTA]4 [TCTG]6 [TCTA]3 TA [TCTA]3 TCA [TCTA]2 TCCATA [TCTA]8;NA;NA;NA;NA;NA;NA;NA;NA;NA;NA;NA;NA;NA;NA;NA;NA;NA;NA;NA;NA;NA;NA;NA;NA;0.0013531799729364;NA;NA
[TCTA]4 [TCTG]6 [TCTA]3 TA [TCTA]3 TCA [TCTA]2 TCCATA [TCTA]14;NA;NA;NA;NA;NA;NA;NA;NA;NA;NA;NA;NA;NA;NA;NA;NA;NA;NA;NA;NA;NA;NA;NA;NA;0.0013531799729364;NA;NA
[TCTA]7 [TCTG]5 [TCTA]3 TA [TCTA]3 TCA [TCTA]2 TCCATA [TCTA]13;NA;NA;NA;NA;NA;NA;NA;NA;NA;NA;NA;NA;NA;NA;NA;NA;NA;NA;NA;NA;NA;NA;NA;NA;0.0013531799729364;NA;NA
[TCTA]6 [TCTG]5 [TCTA]3 TA [TCTA]3 TCA [TCTA]2 TCCATA [TCTA]7 TCA [TCTA]3;NA;NA;NA;NA;NA;NA;NA;NA;NA;NA;NA;NA;NA;NA;NA;NA;NA;NA;NA;NA;NA;NA;NA;NA;0.0013531799729364;NA;NA
AAAAG [AAAGA]10;NA;NA;NA;NA;NA;NA;NA;NA;NA;NA;NA;NA;NA;NA;NA;NA;NA;NA;NA;NA;NA;NA;NA;NA;NA;0.109843081312411;NA
AAAAG [AAAGA]13;NA;NA;NA;NA;NA;NA;NA;NA;NA;NA;NA;NA;NA;NA;NA;NA;NA;NA;NA;NA;NA;NA;NA;NA;NA;0.215406562054208;NA
AAAAG [AAAGA]9;NA;NA;NA;NA;NA;NA;NA;NA;NA;NA;NA;NA;NA;NA;NA;NA;NA;NA;NA;NA;NA;NA;NA;NA;NA;0.218259629101284;NA
AAAAG [AAAGA]14;NA;NA;NA;NA;NA;NA;NA;NA;NA;NA;NA;NA;NA;NA;NA;NA;NA;NA;NA;NA;NA;NA;NA;NA;NA;0.0556348074179743;NA
AAAAG [AAAGA]12;NA;NA;NA;NA;NA;NA;NA;NA;NA;NA;NA;NA;NA;NA;NA;NA;NA;NA;NA;NA;NA;NA;NA;NA;NA;0.20114122681883;NA
AAAAG [AAAGA]11;NA;NA;NA;NA;NA;NA;NA;NA;NA;NA;NA;NA;NA;NA;NA;NA;NA;NA;NA;NA;NA;NA;NA;NA;NA;0.134094151212553;NA
AAAAG [AAAGA]8;NA;NA;NA;NA;NA;NA;NA;NA;NA;NA;NA;NA;NA;NA;NA;NA;NA;NA;NA;NA;NA;NA;NA;NA;NA;0.0370898716119829;NA
AAAAG [AAAGA]13 AAAG;NA;NA;NA;NA;NA;NA;NA;NA;NA;NA;NA;NA;NA;NA;NA;NA;NA;NA;NA;NA;NA;NA;NA;NA;NA;0.00427960057061341;NA
AAAAG [AAAGA]7;NA;NA;NA;NA;NA;NA;NA;NA;NA;NA;NA;NA;NA;NA;NA;NA;NA;NA;NA;NA;NA;NA;NA;NA;NA;0.00427960057061341;NA
AAAAG [AAAGA]15;NA;NA;NA;NA;NA;NA;NA;NA;NA;NA;NA;NA;NA;NA;NA;NA;NA;NA;NA;NA;NA;NA;NA;NA;NA;0.0114122681883024;NA
AAAAG [AAAGA]16;NA;NA;NA;NA;NA;NA;NA;NA;NA;NA;NA;NA;NA;NA;NA;NA;NA;NA;NA;NA;NA;NA;NA;NA;NA;0.00427960057061341;NA
AAAAG [AAAGA]3 A [AAAGA]11;NA;NA;NA;NA;NA;NA;NA;NA;NA;NA;NA;NA;NA;NA;NA;NA;NA;NA;NA;NA;NA;NA;NA;NA;NA;0.00285306704707561;NA
AAAAG [AAAGA]17;NA;NA;NA;NA;NA;NA;NA;NA;NA;NA;NA;NA;NA;NA;NA;NA;NA;NA;NA;NA;NA;NA;NA;NA;NA;0.0014265335235378;NA
[ATT]12 ACT [ATT]2;NA;NA;NA;NA;NA;NA;NA;NA;NA;NA;NA;NA;NA;NA;NA;NA;NA;NA;NA;NA;NA;NA;NA;NA;NA;NA;0.342948717948718
[ATT]13 ACT [ATT]2;NA;NA;NA;NA;NA;NA;NA;NA;NA;NA;NA;NA;NA;NA;NA;NA;NA;NA;NA;NA;NA;NA;NA;NA;NA;NA;0.3125
[ATT]8 ACT [ATT]2;NA;NA;NA;NA;NA;NA;NA;NA;NA;NA;NA;NA;NA;NA;NA;NA;NA;NA;NA;NA;NA;NA;NA;NA;NA;NA;0.174679487179487
[ATT]11 ACT [ATT]2;NA;NA;NA;NA;NA;NA;NA;NA;NA;NA;NA;NA;NA;NA;NA;NA;NA;NA;NA;NA;NA;NA;NA;NA;NA;NA;0.0528846153846154
[ATT]14 ACT [ATT]2;NA;NA;NA;NA;NA;NA;NA;NA;NA;NA;NA;NA;NA;NA;NA;NA;NA;NA;NA;NA;NA;NA;NA;NA;NA;NA;0.092948717948718
[ATT]9 ACT [ATT]2;NA;NA;NA;NA;NA;NA;NA;NA;NA;NA;NA;NA;NA;NA;NA;NA;NA;NA;NA;NA;NA;NA;NA;NA;NA;NA;0.0176282051282051
[ATT]10 ACT [ATT]2;NA;NA;NA;NA;NA;NA;NA;NA;NA;NA;NA;NA;NA;NA;NA;NA;NA;NA;NA;NA;NA;NA;NA;NA;NA;NA;0.00320512820512821
[ATT]15 ACT [ATT]2;NA;NA;NA;NA;NA;NA;NA;NA;NA;NA;NA;NA;NA;NA;NA;NA;NA;NA;NA;NA;NA;NA;NA;NA;NA;NA;0.00320512820512821
