Allele,D1S1656,TPOX,D2S441,D2S1338,D3S1358,D4S2408,FGA,D5S818,CSF1PO,D6S1043,D7S820,D8S1179,D9S1122,D10S1248,TH01,vWA,D12S391,D13S317,Penta E,D16S539,D17S1301,D18S51,D19S433,D20S482,D21S11,Penta D,D22S1045
[AAAGA]10,,,,,,,,,,,,,,,,,,,0.0858725761772853,,,,,,,,
[AAAGA]11,,,,,,,,,,,,,,,,,,,0.0872576177285319,,,,,,,,
[AAAGA]12,,,,,,,,,,,,,,,,,,,0.199445983379501,,,,,,,,
[AAAGA]13,,,,,,,,,,,,,,,,,,,0.0858725761772853,,,,,,,,
[AAAGA]14,,,,,,,,,,,,,,,,,,,0.0623268698060942,,,,,,,,
[AAAGA]15,,,,,,,,,,,,,,,,,,,0.0429362880886427,,,,,,,,
[AAAGA]16,,,,,,,,,,,,,,,,,,,0.0512465373961219,,,,,,,,
[AAAGA]17,,,,,,,,,,,,,,,,,,,0.0484764542936288,,,,,,,,
[AAAGA]18,,,,,,,,,,,,,,,,,,,0.0332409972299169,,,,,,,,
[AAAGA]19,,,,,,,,,,,,,,,,,,,0.0152354570637119,,,,,,,,
[AAAGA]20,,,,,,,,,,,,,,,,,,,0.00969529085872576,,,,,,,,
[AAAGA]21,,,,,,,,,,,,,,,,,,,0.00277008310249307,,,,,,,,
[AAAGA]22,,,,,,,,,,,,,,,,,,,0.00138504155124654,,,,,,,,
[AAAGA]24,,,,,,,,,,,,,,,,,,,0.00138504155124654,,,,,,,,
[AAAGA]5,,,,,,,,,,,,,,,,,,,0.0761772853185596,,,,,,,,
[AAAGA]7,,,,,,,,,,,,,,,,,,,0.168975069252078,,,,,,,,
[AAAGA]8,,,,,,,,,,,,,,,,,,,0.0138504155124654,,,,,,,,
[AAAGA]9,,,,,,,,,,,,,,,,,,,0.0124653739612188,,,,,,,,
[AATG]10,,0.0498614958448753,,,,,,,,,,,,,0.00831024930747922,,,,,,,,,,,,
[AATG]10 TATG,,0.00138504155124654,,,,,,,,,,,,,,,,,,,,,,,,,
[AATG]11,,0.250692520775623,,,,,,,,,,,,,0.00138504155124654,,,,,,,,,,,,
[AATG]12,,0.0415512465373961,,,,,,,,,,,,,,,,,,,,,,,,,
[AATG]13,,0.00138504155124654,,,,,,,,,,,,,,,,,,,,,,,,,
[AATG]5,,0.00138504155124654,,,,,,,,,,,,,0.00138504155124654,,,,,,,,,,,,
[AATG]6,,0.00138504155124654,,,,,,,,,,,,,0.235457063711911,,,,,,,,,,,,
[AATG]6 ATG [AATG]3,,,,,,,,,,,,,,,0.344875346260388,,,,,,,,,,,,
[AATG]7,,,,,,,,,,,,,,,0.193905817174515,,,,,,,,,,,,
[AATG]8,,0.524930747922438,,,,,,,,,,,,,0.0955678670360111,,,,,,,,,,,,
[AATG]9,,0.127423822714681,,,,,,,,,,,,,0.119113573407202,,,,,,,,,,,,
[AGAA]10 AAAG AGAG AG,,,,,,,,,,,,,,,,,,,,,,0.00831024930747922,,,,,
[AGAA]11 AAAG AGAG AG,,,,,,,,,,,,,,,,,,,,,,0.00969529085872576,,,,,
[AGAA]12 AAAG AGAG AG,,,,,,,,,,,,,,,,,,,,,,0.113573407202216,,,,,
[AGAA]13 AAAG AGAG AG,,,,,,,,,,,,,,,,,,,,,,0.123268698060942,,,,,
[AGAA]14 [AGAG]3,,,,,,,,,,,,,,,,,,,,,,0.00138504155124654,,,,,
[AGAA]14 AAAG AGAG AG,,,,,,,,,,,,,,,,,,,,,,0.121883656509695,,,,,
[AGAA]15 AAAG AGAG AG,,,,,,,,,,,,,,,,,,,,,,0.168975069252078,,,,,
[AGAA]16 [AGAG]3,,,,,,,,,,,,,,,,,,,,,,0.00138504155124654,,,,,
[AGAA]16 AAAG AGAG AG,,,,,,,,,,,,,,,,,,,,,,0.146814404432133,,,,,
[AGAA]17 AAAG AGAG AG,,,,,,,,,,,,,,,,,,,,,,0.138504155124654,,,,,
[AGAA]18 AAAG AGAG AG,,,,,,,,,,,,,,,,,,,,,,0.0775623268698061,,,,,
[AGAA]19 AAAG AGAG AG,,,,,,,,,,,,,,,,,,,,,,0.0401662049861496,,,,,
[AGAA]20 AAAG AGAG AG,,,,,,,,,,,,,,,,,,,,,,0.018005540166205,,,,,
[AGAA]21 AAAG AGAG AG,,,,,,,,,,,,,,,,,,,,,,0.00969529085872576,,,,,
[AGAA]22 AAAG AGAG AG,,,,,,,,,,,,,,,,,,,,,,0.00692520775623269,,,,,
[AGAT]10,,,,,,,,0.038781163434903,0.220221606648199,0.0166204986149584,,,,,,,,,,,0.0318559556786704,,,0.00138504155124654,,,
[AGAT]10 [AGAC]10 AGAT,,,,,,,,,,,,,,,,,0.00138504155124654,,,,,,,,,,
[AGAT]10 [AGAC]5 AGAT,,,,,,,,,,,,,,,,,0.00138504155124654,,,,,,,,,,
[AGAT]10 [AGAC]6 AGAT,,,,,,,,,,,,,,,,,0.116343490304709,,,,,,,,,,
[AGAT]10 [AGAC]7 AGAT,,,,,,,,,,,,,,,,,0.00692520775623269,,,,,,,,,,
[AGAT]10 ACAT [AGAT]5,,,,,,,,,,0.00277008310249307,,,,,,,,,,,,,,,,,
[AGAT]10 AGAG,,,,,,,,0.0318559556786704,,,,,,,,,,,,,,,,,,,
[AGAT]11,,,,,,,,0.0235457063711911,0.308864265927978,0.296398891966759,,,,,,,,,,,0.382271468144044,,,0.018005540166205,,,
[AGAT]11 [AGAC]10,,,,,,,,,,,,,,,,,0.00831024930747922,,,,,,,,,,
[AGAT]11 [AGAC]10 AGAT,,,,,,,,,,,,,,,,,0.00138504155124654,,,,,,,,,,
[AGAT]11 [AGAC]11,,,,,,,,,,,,,,,,,0.00415512465373961,,,,,,,,,,
[AGAT]11 [AGAC]5 AGAT,,,,,,,,,,,,,,,,,0.00831024930747922,,,,,,,,,,
[AGAT]11 [AGAC]6 AGAT,,,,,,,,,,,,,,,,,0.162049861495845,,,,,,,,,,
[AGAT]11 [AGAC]7 AGAT,,,,,,,,,,,,,,,,,0.0235457063711911,,,,,,,,,,
[AGAT]11 [AGAC]8,,,,,,,,,,,,,,,,,0.00138504155124654,,,,,,,,,,
[AGAT]11 [AGAC]9,,,,,,,,,,,,,,,,,0.0304709141274238,,,,,,,,,,
[AGAT]11 [AGAC]9 AGAT,,,,,,,,,,,,,,,,,0.00138504155124654,,,,,,,,,,
[AGAT]11 ACAT [AGAT]5,,,,,,,,,,0.0609418282548476,,,,,,,,,,,,,,,,,
[AGAT]11 AGAG,,,,,,,,0.32409972299169,,,,,,,,,,,,,,,,,,,
[AGAT]12,,,,,,,,0.0318559556786704,0.3601108033241,0.235457063711911,,,,,,,,,,,0.415512465373961,,,0.0263157894736842,,,
[AGAT]12 [AGAC]10,,,,,,,,,,,,,,,,,0.0124653739612188,,,,,,,,,,
[AGAT]12 [AGAC]5 AGAT,,,,,,,,,,,,,,,,,0.00277008310249307,,,,,,,,,,
[AGAT]12 [AGAC]6 AGAT,,,,,,,,,,,,,,,,,0.0969529085872576,,,,,,,,,,
[AGAT]12 [AGAC]7 AGAT,,,,,,,,,,,,,,,,,0.0304709141274238,,,,,,,,,,
[AGAT]12 [AGAC]8,,,,,,,,,,,,,,,,,0.00831024930747922,,,,,,,,,,
[AGAT]12 [AGAC]8 AGAT,,,,,,,,,,,,,,,,,0.00554016620498615,,,,,,,,,,
[AGAT]12 [AGAC]9,,,,,,,,,,,,,,,,,0.0678670360110803,,,,,,,,,,
[AGAT]12 [AGAC]9 AGAT,,,,,,,,,,,,,,,,,0.00277008310249307,,,,,,,,,,
[AGAT]12 ACAT [AGAT]5,,,,,,,,,,0.0886426592797784,,,,,,,,,,,,,,,,,
[AGAT]12 ACAT AGAT,,,,,,,,,,0.00277008310249307,,,,,,,,,,,,,,,,,
[AGAT]12 AGAG,,,,,,,,0.265927977839335,,,,,,,,,,,,,,,,,,,
[AGAT]13,,,,,,,,0.121883656509695,0.0817174515235457,0.0872576177285319,,,,,,,,,,,0.128808864265928,,,0.188365650969529,,,
[AGAT]13 [AGAC]10,,,,,,,,,,,,,,,,,0.0124653739612188,,,,,,,,,,
[AGAT]13 [AGAC]11,,,,,,,,,,,,,,,,,0.00138504155124654,,,,,,,,,,
[AGAT]13 [AGAC]5 AGAT,,,,,,,,,,,,,,,,,0.00138504155124654,,,,,,,,,,
[AGAT]13 [AGAC]6 AGAT,,,,,,,,,,,,,,,,,0.03601108033241,,,,,,,,,,
[AGAT]13 [AGAC]7 AGAT,,,,,,,,,,,,,,,,,0.0124653739612188,,,,,,,,,,
[AGAT]13 [AGAC]8,,,,,,,,,,,,,,,,,0.018005540166205,,,,,,,,,,
[AGAT]13 [AGAC]8 AGAT,,,,,,,,,,,,,,,,,0.0166204986149584,,,,,,,,,,
[AGAT]13 [AGAC]9,,,,,,,,,,,,,,,,,0.0415512465373961,,,,,,,,,,
[AGAT]13 [AGAC]9 AGAT,,,,,,,,,,,,,,,,,0.00969529085872576,,,,,,,,,,
[AGAT]13 ACAT [AGAT]5,,,,,,,,,,0.0983379501385042,,,,,,,,,,,,,,,,,
[AGAT]13 ACAT AGAT,,,,,,,,,,0.00554016620498615,,,,,,,,,,,,,,,,,
[AGAT]13 AGAG,,,,,,,,0.105263157894737,,,,,,,,,,,,,,,,,,,
[AGAT]14,,,,,,,,0.0373961218836565,0.00969529085872576,0.0526315789473684,,,,,,,,,,,0.0346260387811634,,,0.452908587257618,,,
[AGAT]14 [AGAC]10,,,,,,,,,,,,,,,,,0.00554016620498615,,,,,,,,,,
[AGAT]14 [AGAC]5 AGAT,,,,,,,,,,,,,,,,,0.00138504155124654,,,,,,,,,,
[AGAT]14 [AGAC]6 AGAT,,,,,,,,,,,,,,,,,0.0124653739612188,,,,,,,,,,
[AGAT]14 [AGAC]7,,,,,,,,,,,,,,,,,0.00138504155124654,,,,,,,,,,
[AGAT]14 [AGAC]7 AGAT,,,,,,,,,,,,,,,,,0.00277008310249307,,,,,,,,,,
[AGAT]14 [AGAC]8,,,,,,,,,,,,,,,,,0.0138504155124654,,,,,,,,,,
[AGAT]14 [AGAC]8 AGAT,,,,,,,,,,,,,,,,,0.0124653739612188,,,,,,,,,,
[AGAT]14 [AGAC]9,,,,,,,,,,,,,,,,,0.0332409972299169,,,,,,,,,,
[AGAT]14 [AGAC]9 AGAT,,,,,,,,,,,,,,,,,0.00277008310249307,,,,,,,,,,
[AGAT]14 ACAT [AGAT]5,,,,,,,,,,0.0318559556786704,,,,,,,,,,,,,,,,,
[AGAT]14 ACAT [AGAT]6,,,,,,,,,,0.00415512465373961,,,,,,,,,,,,,,,,,
[AGAT]14 ACAT AGAT,,,,,,,,,,0.00138504155124654,,,,,,,,,,,,,,,,,
[AGAT]14 AGAG,,,,,,,,0.00692520775623269,,,,,,,,,,,,,,,,,,,
[AGAT]15,,,,,,,,,,0.00415512465373961,,,,,,,,,,,0.00138504155124654,,,0.213296398891967,,,
[AGAT]15 [AGAC]10,,,,,,,,,,,,,,,,,0.00138504155124654,,,,,,,,,,
[AGAT]15 [AGAC]8,,,,,,,,,,,,,,,,,0.00138504155124654,,,,,,,,,,
[AGAT]15 [AGAC]8 AGAT,,,,,,,,,,,,,,,,,0.0235457063711911,,,,,,,,,,
[AGAT]15 [AGAC]9,,,,,,,,,,,,,,,,,0.0124653739612188,,,,,,,,,,
[AGAT]15 [AGAC]9 AGAT,,,,,,,,,,,,,,,,,0.00554016620498615,,,,,,,,,,
[AGAT]15 ACAT [AGAT]5,,,,,,,,,,0.00554016620498615,,,,,,,,,,,,,,,,,
[AGAT]15 AGAG,,,,,,,,0.00138504155124654,,,,,,,,,,,,,,,,,,,
[AGAT]16,,,,,,,,,,,,,,,,,,,,,,,,0.0831024930747922,,,
[AGAT]16 [AGAC]8 AGAT,,,,,,,,,,,,,,,,,0.00554016620498615,,,,,,,,,,
[AGAT]16 [AGAC]9,,,,,,,,,,,,,,,,,0.00138504155124654,,,,,,,,,,
[AGAT]16 ACAT [AGAT]5,,,,,,,,,,0.00138504155124654,,,,,,,,,,,,,,,,,
[AGAT]17,,,,,,,,,,,,,,,,,,,,,,,,0.00277008310249307,,,
[AGAT]17 [AGAC]8 AGAT,,,,,,,,,,,,,,,,,0.00138504155124654,,,,,,,,,,
[AGAT]19,,,,,,,,,,,,,,,,,,,,,,,,0.00138504155124654,,,
[AGAT]5 GAT [AGAT]7 [AGAC]6 AGAT,,,,,,,,,,,,,,,,,0.00138504155124654,,,,,,,,,,
[AGAT]7 AGAG,,,,,,,,0.00277008310249307,,,,,,,,,,,,,,,,,,,
[AGAT]8,,,,,,,,,0.00554016620498615,0.00138504155124654,,,,,,,,,,,,,,,,,
[AGAT]8 [AGAC]6 AGAT,,,,,,,,,,,,,,,,,0.0318559556786704,,,,,,,,,,
[AGAT]8 AGAG,,,,,,,,0.00277008310249307,,,,,,,,,,,,,,,,,,,
[AGAT]9,,,,,,,,0.00277008310249307,0.0138504155124654,,,,,,,,,,,,0.00554016620498615,,,0.0124653739612188,,,
[AGAT]9 [AGAC]6 AGAT,,,,,,,,,,,,,,,,,0.0207756232686981,,,,,,,,,,
[AGAT]9 [AGAC]7 AGAT,,,,,,,,,,,,,,,,,0.00277008310249307,,,,,,,,,,
[AGAT]9 ACAT [AGAT]5,,,,,,,,,,0.00277008310249307,,,,,,,,,,,,,,,,,
[AGAT]9 AGAG,,,,,,,,0.00277008310249307,,,,,,,,,,,,,,,,,,,
[ATCT]10,,,,,,0.228531855955679,,,,,,,,,,,,,,,,,,,,,
[ATCT]11,,,,,,0.185595567867036,,,,,,,,,,,,,,,,,,,,,
[ATCT]12,,,,,,0.0207756232686981,,,,,,,,,,,,,,,,,,,,,
[ATCT]13,,,,,,0.00277008310249307,,,,,,,,,,,,,,,,,,,,,
[ATCT]8,,,,,,0.232686980609418,,,,,,,,,,,,,,,,,,,,,
[ATCT]9,,,,,,0.307479224376731,,,,,,,,,,,,,,,,,,,,,
[ATT]10 ACT [ATT]2,,,,,,,,,,,,,,,,,,,,,,,,,,,0.00692520775623269
[ATT]11 ACT [ATT]2,,,,,,,,,,,,,,,,,,,,,,,,,,,0.056786703601108
[ATT]12 ACT [ATT]2,,,,,,,,,,,,,,,,,,,,,,,,,,,0.321329639889197
[ATT]13 ACT [ATT]2,,,,,,,,,,,,,,,,,,,,,,,,,,,0.382271468144044
[ATT]14 ACT [ATT]2,,,,,,,,,,,,,,,,,,,,,,,,,,,0.074792243767313
[ATT]15 ACT [ATT]2,,,,,,,,,,,,,,,,,,,,,,,,,,,0.00554016620498615
[ATT]8 ACT [ATT]2,,,,,,,,,,,,,,,,,,,,,,,,,,,0.1398891966759
[ATT]9 ACT [ATT]2,,,,,,,,,,,,,,,,,,,,,,,,,,,0.0124653739612188
[GATA]10,,,,,,,,,,,,,,,,,,,,0.056786703601108,,,,,,,
[GATA]10 GACA GATT GATA GTTT,,,,,,,,,,,0.256232686980609,,,,,,,,,,,,,,,,
[GATA]11,,,,,,,,,,,,,,,,,,,,0.314404432132964,,,,,,,
[GATA]11 GACA GATT GATA GTTT,,,,,,,,,,,0.204986149584488,,,,,,,,,,,,,,,,
[GATA]12,,,,,,,,,,,,,,,,,,,,0.314404432132964,,,,,,,
[GATA]12 GACA GATT GATA GTTT,,,,,,,,,,,0.159279778393352,,,,,,,,,,,,,,,,
[GATA]13,,,,,,,,,,,,,,,,,,,,0.163434903047091,,,,,,,
[GATA]13 GACA GATT GATA GTTT,,,,,,,,,,,0.0346260387811634,,,,,,,,,,,,,,,,
[GATA]14,,,,,,,,,,,,,,,,,,,,0.0263157894736842,,,,,,,
[GATA]14 GACA GATT GATA GTTT,,,,,,,,,,,0.00415512465373961,,,,,,,,,,,,,,,,
[GATA]7 GACA GATT GATA GTTT,,,,,,,,,,,0.0277008310249307,,,,,,,,,,,,,,,,
[GATA]8,,,,,,,,,,,,,,,,,,,,0.018005540166205,,,,,,,
[GATA]8 GACA GATT GATA GTTT,,,,,,,,,,,0.14404432132964,,,,,,,,,,,,,,,,
[GATA]8 GACA GATT GATA GTTT T,,,,,,,,,,,0.00138504155124654,,,,,,,,,,,,,,,,
[GATA]9,,,,,,,,,,,,,,,,,,,,0.105263157894737,,,,,,,
[GATA]9 GACA GATT GATA GTTT,,,,,,,,,,,0.167590027700831,,,,,,,,,,,,,,,,
[GGAA]11,,,,,,,,,,,,,,0.00138504155124654,,,,,,,,,,,,,
[GGAA]12,,,,,,,,,,,,,,0.0318559556786704,,,,,,,,,,,,,
[GGAA]13,,,,,,,,,,,,,,0.307479224376731,,,,,,,,,,,,,
[GGAA]14,,,,,,,,,,,,,,0.297783933518006,,,,,,,,,,,,,
[GGAA]15,,,,,,,,,,,,,,0.196675900277008,,,,,,,,,,,,,
[GGAA]16,,,,,,,,,,,,,,0.132963988919668,,,,,,,,,,,,,
[GGAA]17,,,,,,,,,,,,,,0.0277008310249307,,,,,,,,,,,,,
[GGAA]18,,,,,,,,,,,,,,0.00138504155124654,,,,,,,,,,,,,
[GGAA]19,,,,,,,,,,,,,,0.00277008310249307,,,,,,,,,,,,,
[TAGA]10,,,,,,,,,,,,,0.0124826629680999,,,,,,,,,,,,,,
[TAGA]10 TAGG [TGTG]2 TG,0.00277008310249307,,,,,,,,,,,,,,,,,,,,,,,,,,
[TAGA]11,,,,,,,,,,,,,0.133148404993065,,,,,,,,,,,,,,
[TAGA]11 [TGTG]2 TG,0.074792243767313,,,,,,,,,,,,,,,,,,,,,,,,,,
[TAGA]11 TAGC TAGA [TGTG]2 TG,0.00831024930747922,,,,,,,,,,,,,,,,,,,,,,,,,,
[TAGA]11 TAGG [TGTG]2 TG,0.07202216066482,,,,,,,,,,,,,,,,,,,,,,,,,,
[TAGA]12,,,,,,,,,,,,,0.180305131761442,,,,,,,,,,,,,,
[TAGA]12 [TGTG]2 TG,0.0443213296398892,,,,,,,,,,,,,,,,,,,,,,,,,,
[TAGA]12 TAGG [TGTG]2 TG,0.0304709141274238,,,,,,,,,,,,,,,,,,,,,,,,,,
[TAGA]13,,,,,,,,,,,,,0.0776699029126214,,,,,,,,,,,,,,
[TAGA]13 [TGTG]2 TG,0.0277008310249307,,,,,,,,,,,,,,,,,,,,,,,,,,
[TAGA]13 TAGG [TGTG]2 TG,0.0761772853185596,,,,,,,,,,,,,,,,,,,,,,,,,,
[TAGA]14,,,,,,,,,,,,,0.0166435506241331,,,,,,,,,,,,,,
[TAGA]14 [TGTG]2 TG,0.00277008310249307,,,,,,,,,,,,,,,,,,,,,,,,,,
[TAGA]14 TAAG [TGTG]2 TG,0.00138504155124654,,,,,,,,,,,,,,,,,,,,,,,,,,
[TAGA]14 TAGG [TGTG]2 TG,0.14404432132964,,,,,,,,,,,,,,,,,,,,,,,,,,
[TAGA]15,,,,,,,,,,,,,0.0013869625520111,,,,,,,,,,,,,,
[TAGA]15 [TGTG]2 TG,0.00415512465373961,,,,,,,,,,,,,,,,,,,,,,,,,,
[TAGA]15 TAAG [TGTG]2 TG,0.00554016620498615,,,,,,,,,,,,,,,,,,,,,,,,,,
[TAGA]15 TAGG [TGTG]2 TG,0.128808864265928,,,,,,,,,,,,,,,,,,,,,,,,,,
[TAGA]16 [TGTG]2 TG,0.00138504155124654,,,,,,,,,,,,,,,,,,,,,,,,,,
[TAGA]16 TAAG [TGTG]2 TG,0.00277008310249307,,,,,,,,,,,,,,,,,,,,,,,,,,
[TAGA]16 TAGG [TGTG]2 TG,0.0443213296398892,,,,,,,,,,,,,,,,,,,,,,,,,,
[TAGA]17 TAGG [TGTG]2 TG,0.00554016620498615,,,,,,,,,,,,,,,,,,,,,,,,,,
[TAGA]2 TGA [TAGA]11 TAGG [TGTG]2 TG,0.00277008310249307,,,,,,,,,,,,,,,,,,,,,,,,,,
[TAGA]3 TGA [TAGA]11 TAGG [TGTG]2 TG,0.0277008310249307,,,,,,,,,,,,,,,,,,,,,,,,,,
[TAGA]3 TGA [TAGA]12 TAGG [TGTG]2 TG,0.00138504155124654,,,,,,,,,,,,,,,,,,,,,,,,,,
[TAGA]4 TGA [TAGA]10 TAGG [TGTG]2 TG,0.0304709141274238,,,,,,,,,,,,,,,,,,,,,,,,,,
[TAGA]4 TGA [TAGA]11 TAGG [TGTG]2 TG,0.0595567867036011,,,,,,,,,,,,,,,,,,,,,,,,,,
[TAGA]4 TGA [TAGA]12 TAGG [TGTG]2 TG,0.132963988919668,,,,,,,,,,,,,,,,,,,,,,,,,,
[TAGA]4 TGA [TAGA]13 TAGG [TGTG]2 TG,0.0498614958448753,,,,,,,,,,,,,,,,,,,,,,,,,,
[TAGA]4 TGA [TAGA]14 TAGG [TGTG]2 TG,0.0152354570637119,,,,,,,,,,,,,,,,,,,,,,,,,,
[TAGA]9 TAGG [TGTG]2 TG,0.00277008310249307,,,,,,,,,,,,,,,,,,,,,,,,,,
[TATC]10 [AATC]2 [ATCT]3 TTCT GTCT GTC,,,,,,,,,,,,,,,,,,0.0235457063711911,,,,,,,,,
[TATC]10 [AATC]2 [ATCT]3 TTTT GTCT GTC,,,,,,,,,,,,,,,,,,0.0235457063711911,,,,,,,,,
[TATC]10 AATC [ATCT]3 TTCT GTCT GTC,,,,,,,,,,,,,,,,,,0.00138504155124654,,,,,,,,,
[TATC]11 [AATC]2 [ATCT]3 TTCT GTCT GTC,,,,,,,,,,,,,,,,,,0.132963988919668,,,,,,,,,
[TATC]11 AATC [ATCT]2 TTCT GTCT GTC,,,,,,,,,,,,,,,,,,0.00138504155124654,,,,,,,,,
[TATC]11 AATC [ATCT]3 TTCT GTC,,,,,,,,,,,,,,,,,,0.00138504155124654,,,,,,,,,
[TATC]12 [AATC]2 [ATCT]3 TTCT GTCT GTC,,,,,,,,,,,,,,,,,,0.14404432132964,,,,,,,,,
[TATC]12 AATC [ATCT]3 TTCT GTCT GTC,,,,,,,,,,,,,,,,,,0.192520775623269,,,,,,,,,
[TATC]13 [AATC]2 [ATCT]3 TTCT GTCT GTC,,,,,,,,,,,,,,,,,,0.0734072022160665,,,,,,,,,
[TATC]13 AATC [ATCT]3 TTCT GTCT GTC,,,,,,,,,,,,,,,,,,0.124653739612188,,,,,,,,,
[TATC]14 [AATC]2 [ATCT]3 TTCT GTCT GTC,,,,,,,,,,,,,,,,,,0.0346260387811634,,,,,,,,,
[TATC]14 AATC [ATCT]3 TTCT GTCT GTC,,,,,,,,,,,,,,,,,,0.0429362880886427,,,,,,,,,
[TATC]15 [AATC]2 [ATCT]3 TTCT GTCT GTC,,,,,,,,,,,,,,,,,,0.00138504155124654,,,,,,,,,
[TATC]15 AATC [ATCT]3 TTCT GTCT GTC,,,,,,,,,,,,,,,,,,0.00831024930747922,,,,,,,,,
[TATC]8 [AATC]2 [ATCT]3 TTCT GTCT GTC,,,,,,,,,,,,,,,,,,0.120498614958449,,,,,,,,,
[TATC]9 [AATC]2 [ATCT]3 TTCT GTCT GTC,,,,,,,,,,,,,,,,,,0.0734072022160665,,,,,,,,,
[TCTA]10,,,0.0637119113573407,,,,,,,,,0.102493074792244,,,,,,,,,,,,,,,
[TCTA]10 TCTG TCTA,,,0.00138504155124654,,,,,,,,,,,,,,,,,,,,,,,,
[TCTA]10 TTTA [TCTA]2,,,0.0249307479224377,,,,,,,,,,,,,,,,,,,,,,,,
[TCTA]11,,,0.331024930747922,,,,,,,,,0.074792243767313,,,,,,,,,,,,,,,
[TCTA]11 [TCTG]5 [TCTA]3 TA [TCTA]3 TCA [TCTA]2 TCCATA [TCTA]12,,,,,,,,,,,,,,,,,,,,,,,,,0.00138504155124654,,
[TCTA]11 TCTG TCTA,,,0.00138504155124654,,,,,,,,,,,,,,,,,,,,,,,,
[TCTA]11 TTTA [TCTA]2,,,0.240997229916898,,,,,,,,,,,,,,,,,,,,,,,,
[TCTA]12,,,0.0429362880886427,,,,,,,,,0.162049861495845,,,,,,,,,,,,,,,
[TCTA]12 TTTA [TCTA]2,,,0.0595567867036011,,,,,,,,,,,,,,,,,,,,,,,,
[TCTA]13,,,0.00277008310249307,,,,,,,,,0.0734072022160665,,,,,,,,,,,,,,,
[TCTA]13 TTTA [TCTA]2,,,0.00138504155124654,,,,,,,,,,,,,,,,,,,,,,,,
[TCTA]14,,,,,,,,,,,,0.0263157894736842,,,,,,,,,,,,,,,
[TCTA]15,,,,,,,,,,,,0.00277008310249307,,,,,,,,,,,,,,,
[TCTA]16,,,,,,,,,,,,0.00138504155124654,,,,,,,,,,,,,,,
[TCTA]2 [TCTG]2 [TCTA]12,,,,,,,,,,,,0.00138504155124654,,,,,,,,,,,,,,,
[TCTA]2 TATA [TCTA]3 [TCTG]5 [TCTA]3 TA [TCTA]3 TCA [TCTA]2 TCCATA [TCTA]11,,,,,,,,,,,,,,,,,,,,,,,,,0.00138504155124654,,
[TCTA]2 TCTG [TCTA]10,,,,,,,,,,,,0.00692520775623269,,,,,,,,,,,,,,,
[TCTA]2 TCTG [TCTA]11,,,,,,,,,,,,0.0207756232686981,,,,,,,,,,,,,,,
[TCTA]2 TCTG [TCTA]12,,,,,,,,,,,,0.0554016620498615,,,,,,,,,,,,,,,
[TCTA]2 TCTG [TCTA]13,,,,,,,,,,,,0.0263157894736842,,,,,,,,,,,,,,,
[TCTA]2 TCTG [TCTA]14,,,,,,,,,,,,0.00138504155124654,,,,,,,,,,,,,,,
[TCTA]2 TCTG [TCTA]8,,,,,,,,,,,,0.00138504155124654,,,,,,,,,,,,,,,
[TCTA]2 TCTG [TCTA]9,,,,,,,,,,,,0.00138504155124654,,,,,,,,,,,,,,,
[TCTA]4 [TCTG]5 [TCTA]3 TA [TCTA]3 TCA [TCTA]2 TCCATA [TCTA]10,,,,,,,,,,,,,,,,,,,,,,,,,0.00138504155124654,,
[TCTA]4 [TCTG]6 [TCTA]3 TA [TCTA]3 TCA [TCTA]2 TCCATA [TCTA]10,,,,,,,,,,,,,,,,,,,,,,,,,0.149584487534626,,
[TCTA]4 [TCTG]6 [TCTA]3 TA [TCTA]3 TCA [TCTA]2 TCCATA [TCTA]11,,,,,,,,,,,,,,,,,,,,,,,,,0.137119113573407,,
[TCTA]4 [TCTG]6 [TCTA]3 TA [TCTA]3 TCA [TCTA]2 TCCATA [TCTA]12,,,,,,,,,,,,,,,,,,,,,,,,,0.0803324099722992,,
[TCTA]4 [TCTG]6 [TCTA]3 TA [TCTA]3 TCA [TCTA]2 TCCATA [TCTA]13,,,,,,,,,,,,,,,,,,,,,,,,,0.0110803324099723,,
[TCTA]4 [TCTG]6 [TCTA]3 TA [TCTA]3 TCA [TCTA]2 TCCATA [TCTA]9,,,,,,,,,,,,,,,,,,,,,,,,,0.0166204986149584,,
[TCTA]4 [TCTG]7 [TCTA]3 TA [TCTA]3 TCA [TCTA]2 TCCATA [TCTA]10,,,,,,,,,,,,,,,,,,,,,,,,,0.00138504155124654,,
[TCTA]4 [TCTG]7 [TCTA]3 TA [TCTA]3 TCA [TCTA]2 TCCATA [TCTA]11,,,,,,,,,,,,,,,,,,,,,,,,,0.00138504155124654,,
[TCTA]4 [TCTG]7 [TCTA]3 TA [TCTA]3 TCA [TCTA]2 TCCATA [TCTA]9,,,,,,,,,,,,,,,,,,,,,,,,,0.00138504155124654,,
[TCTA]4 TCA [TCTA]7,,,0.0609418282548476,,,,,,,,,,,,,,,,,,,,,,,,
[TCTA]4 TCA [TCTA]8,,,0.00415512465373961,,,,,,,,,,,,,,,,,,,,,,,,
[TCTA]5 [TCTG]5 [TCTA]3 TA [TCTA]3 TCA [TCTA]2 TCCATA [TCTA]10 TA TCTA,,,,,,,,,,,,,,,,,,,,,,,,,0.00138504155124654,,
[TCTA]5 [TCTG]5 [TCTA]3 TA [TCTA]3 TCA [TCTA]2 TCCATA [TCTA]11,,,,,,,,,,,,,,,,,,,,,,,,,0.00138504155124654,,
[TCTA]5 [TCTG]5 [TCTA]3 TA [TCTA]3 TCA [TCTA]2 TCCATA [TCTA]11 TA TCTA,,,,,,,,,,,,,,,,,,,,,,,,,0.00554016620498615,,
[TCTA]5 [TCTG]6 [TCTA]2 TA [TCTA]3 TCA [TCTA]2 TCCATA [TCTA]10,,,,,,,,,,,,,,,,,,,,,,,,,0.000692520775623269,,
[TCTA]5 [TCTG]6 [TCTA]2 TA [TCTA]3 TCA [TCTA]2 TCCATA [TCTA]11,,,,,,,,,,,,,,,,,,,,,,,,,0.00207756232686981,,
[TCTA]5 [TCTG]6 [TCTA]3 TA [TCTA]2 TCA [TCTA]2 TCCATA [TCTA]10,,,,,,,,,,,,,,,,,,,,,,,,,0.000692520775623269,,
[TCTA]5 [TCTG]6 [TCTA]3 TA [TCTA]2 TCA [TCTA]2 TCCATA [TCTA]11,,,,,,,,,,,,,,,,,,,,,,,,,0.00207756232686981,,
[TCTA]5 [TCTG]6 [TCTA]3 TA [TCTA]2 TCA [TCTA]2 TCCATA [TCTA]11 TA TCTA,,,,,,,,,,,,,,,,,,,,,,,,,0.00138504155124654,,
[TCTA]5 [TCTG]6 [TCTA]3 TA [TCTA]3 TCA [TCTA]2 TCCATA [TCTA]10,,,,,,,,,,,,,,,,,,,,,,,,,0.00831024930747922,,
[TCTA]5 [TCTG]6 [TCTA]3 TA [TCTA]3 TCA [TCTA]2 TCCATA [TCTA]10 TA TCTA,,,,,,,,,,,,,,,,,,,,,,,,,0.0221606648199446,,
[TCTA]5 [TCTG]6 [TCTA]3 TA [TCTA]3 TCA [TCTA]2 TCCATA [TCTA]11,,,,,,,,,,,,,,,,,,,,,,,,,0.0457063711911357,,
[TCTA]5 [TCTG]6 [TCTA]3 TA [TCTA]3 TCA [TCTA]2 TCCATA [TCTA]11 TA TCTA,,,,,,,,,,,,,,,,,,,,,,,,,0.0969529085872576,,
[TCTA]5 [TCTG]6 [TCTA]3 TA [TCTA]3 TCA [TCTA]2 TCCATA [TCTA]12,,,,,,,,,,,,,,,,,,,,,,,,,0.0290858725761773,,
[TCTA]5 [TCTG]6 [TCTA]3 TA [TCTA]3 TCA [TCTA]2 TCCATA [TCTA]12 TA TCTA,,,,,,,,,,,,,,,,,,,,,,,,,0.0858725761772853,,
[TCTA]5 [TCTG]6 [TCTA]3 TA [TCTA]3 TCA [TCTA]2 TCCATA [TCTA]13,,,,,,,,,,,,,,,,,,,,,,,,,0.00138504155124654,,
[TCTA]5 [TCTG]6 [TCTA]3 TA [TCTA]3 TCA [TCTA]2 TCCATA [TCTA]13 TA TCTA,,,,,,,,,,,,,,,,,,,,,,,,,0.0249307479224377,,
[TCTA]5 [TCTG]6 [TCTA]3 TA [TCTA]3 TCA [TCTA]2 TCCATA [TCTA]14 TA TCTA,,,,,,,,,,,,,,,,,,,,,,,,,0.00415512465373961,,
[TCTA]5 [TCTG]6 [TCTA]3 TA [TCTA]3 TCA [TCTA]2 TCCATA [TCTA]8 TCA [TCTA]3 TCA [TCTA]2 TA TCTA,,,,,,,,,,,,,,,,,,,,,,,,,0.00138504155124654,,
[TCTA]5 [TCTG]6 [TCTA]3 TA [TCTA]3 TCA [TCTA]2 TCCATA [TCTA]9,,,,,,,,,,,,,,,,,,,,,,,,,0.00138504155124654,,
[TCTA]5 [TCTG]6 [TCTA]3 TA [TCTA]3 TCA [TCTA]2 TCCATA [TCTA]9 TA TCTA,,,,,,,,,,,,,,,,,,,,,,,,,0.00138504155124654,,
[TCTA]6 [TCTG]5 [TCTA]3 TA [TCTA]3 TCA [TCTA]2 TCCATA [TCTA]10,,,,,,,,,,,,,,,,,,,,,,,,,0.0498614958448753,,
[TCTA]6 [TCTG]5 [TCTA]3 TA [TCTA]3 TCA [TCTA]2 TCCATA [TCTA]11,,,,,,,,,,,,,,,,,,,,,,,,,0.152354570637119,,
[TCTA]6 [TCTG]5 [TCTA]3 TA [TCTA]3 TCA [TCTA]2 TCCATA [TCTA]12,,,,,,,,,,,,,,,,,,,,,,,,,0.0249307479224377,,
[TCTA]6 [TCTG]5 [TCTA]3 TA [TCTA]3 TCA [TCTA]2 TCCATA [TCTA]13,,,,,,,,,,,,,,,,,,,,,,,,,0.00415512465373961,,
[TCTA]6 [TCTG]5 [TCTA]3 TA [TCTA]3 TCA [TCTA]2 TCCATA [TCTA]14,,,,,,,,,,,,,,,,,,,,,,,,,0.00138504155124654,,
[TCTA]6 [TCTG]5 [TCTA]3 TA [TCTA]3 TCA [TCTA]2 TCCATA [TCTA]8,,,,,,,,,,,,,,,,,,,,,,,,,0.00415512465373961,,
[TCTA]6 [TCTG]5 [TCTA]3 TA [TCTA]3 TCA [TCTA]2 TCCATA [TCTA]9,,,,,,,,,,,,,,,,,,,,,,,,,0.00415512465373961,,
[TCTA]6 [TCTG]6 [TCTA]3 TA [TCTA]3 TCA [TCTA]2 TCCATA [TCTA]10 TA TCTA,,,,,,,,,,,,,,,,,,,,,,,,,0.00138504155124654,,
[TCTA]6 [TCTG]6 [TCTA]3 TA [TCTA]3 TCA [TCTA]2 TCCATA [TCTA]11,,,,,,,,,,,,,,,,,,,,,,,,,0.00138504155124654,,
[TCTA]6 [TCTG]6 [TCTA]3 TA [TCTA]3 TCA [TCTA]2 TCCATA [TCTA]11 TA TCTA,,,,,,,,,,,,,,,,,,,,,,,,,0.00415512465373961,,
[TCTA]6 [TCTG]6 [TCTA]3 TA [TCTA]3 TCA [TCTA]2 TCCATA [TCTA]12 TA TCTA,,,,,,,,,,,,,,,,,,,,,,,,,0.00138504155124654,,
[TCTA]6 [TCTG]6 [TCTA]3 TCA [TCTA]2 TCCATA [TCTA]9,,,,,,,,,,,,,,,,,,,,,,,,,0.00138504155124654,,
[TCTA]7 [TCTG]5 [TCTA]3 TA [TCTA]3 TCA [TCTA]2 TCCATA [TCTA]10,,,,,,,,,,,,,,,,,,,,,,,,,0.00138504155124654,,
[TCTA]7 [TCTG]5 [TCTA]3 TA [TCTA]3 TCA [TCTA]2 TCCATA [TCTA]11,,,,,,,,,,,,,,,,,,,,,,,,,0.00415512465373961,,
[TCTA]7 [TCTG]5 [TCTA]3 TA [TCTA]3 TCA [TCTA]2 TCCATA [TCTA]8,,,,,,,,,,,,,,,,,,,,,,,,,0.00138504155124654,,
[TCTA]8,,,,,,,,,,,,0.0138504155124654,,,,,,,,,,,,,,,
[TCTA]8 [TCTG]5 [TCTA]3 TA [TCTA]3 TCA [TCTA]2 TCCATA [TCTA]10,,,,,,,,,,,,,,,,,,,,,,,,,0.00138504155124654,,
[TCTA]8 TCTG TCTA,,,0.146814404432133,,,,,,,,,,,,,,,,,,,,,,,,
[TCTA]9,,,0.00138504155124654,,,,,,,,,0.00554016620498615,,,,,,,,,,,,,,,
[TCTA]9 TCTG TCTA,,,0.0124653739612188,,,,,,,,,,,,,,,,,,,,,,,,
[TCTA]9 TTTA [TCTA]2,,,0.00277008310249307,,,,,,,,,,,,,,,,,,,,,,,,
[TCTG]4 [TCTA]13 TCCA TCTA,,,,,,,,,,,,,,,,0.00138504155124654,,,,,,,,,,,
[TGCC]5 [TTCC]10,,,,0.00138504155124654,,,,,,,,,,,,,,,,,,,,,,,
[TGCC]5 [TTCC]14,,,,0.00138504155124654,,,,,,,,,,,,,,,,,,,,,,,
[TGCC]6 [TTCC]10,,,,0.0373961218836565,,,,,,,,,,,,,,,,,,,,,,,
[TGCC]6 [TTCC]11,,,,0.184210526315789,,,,,,,,,,,,,,,,,,,,,,,
[TGCC]6 [TTCC]12,,,,0.0512465373961219,,,,,,,,,,,,,,,,,,,,,,,
[TGCC]6 [TTCC]13,,,,0.0277008310249307,,,,,,,,,,,,,,,,,,,,,,,
[TGCC]6 [TTCC]13 GTCC [TTCC]2,,,,0.00277008310249307,,,,,,,,,,,,,,,,,,,,,,,
[TGCC]6 [TTCC]14,,,,0.00692520775623269,,,,,,,,,,,,,,,,,,,,,,,
[TGCC]6 [TTCC]14 GTCC [TTCC]2,,,,0.00415512465373961,,,,,,,,,,,,,,,,,,,,,,,
[TGCC]6 [TTCC]15 GTCC [TTCC]2,,,,0.00969529085872576,,,,,,,,,,,,,,,,,,,,,,,
[TGCC]6 [TTCC]16 GTCC [TTCC]2,,,,0.00554016620498615,,,,,,,,,,,,,,,,,,,,,,,
[TGCC]6 [TTCC]17 GTCC [TTCC]2,,,,0.00138504155124654,,,,,,,,,,,,,,,,,,,,,,,
[TGCC]7 [TTCC]10,,,,0.00138504155124654,,,,,,,,,,,,,,,,,,,,,,,
[TGCC]7 [TTCC]10 GTCC [TTCC]2,,,,0.018005540166205,,,,,,,,,,,,,,,,,,,,,,,
[TGCC]7 [TTCC]11,,,,0.0221606648199446,,,,,,,,,,,,,,,,,,,,,,,
[TGCC]7 [TTCC]11 GTCC [TTCC]2,,,,0.00554016620498615,,,,,,,,,,,,,,,,,,,,,,,
[TGCC]7 [TTCC]12,,,,0.0900277008310249,,,,,,,,,,,,,,,,,,,,,,,
[TGCC]7 [TTCC]12 GTCC [TTCC]2,,,,0.0277008310249307,,,,,,,,,,,,,,,,,,,,,,,
[TGCC]7 [TTCC]13,,,,0.116343490304709,,,,,,,,,,,,,,,,,,,,,,,
[TGCC]7 [TTCC]13 GTCC [TTCC]2,,,,0.0997229916897507,,,,,,,,,,,,,,,,,,,,,,,
[TGCC]7 [TTCC]14,,,,0.0304709141274238,,,,,,,,,,,,,,,,,,,,,,,
[TGCC]7 [TTCC]14 GTCC [TTCC]2,,,,0.102493074792244,,,,,,,,,,,,,,,,,,,,,,,
[TGCC]7 [TTCC]15,,,,0.00415512465373961,,,,,,,,,,,,,,,,,,,,,,,
[TGCC]7 [TTCC]15 GTCC [TTCC]2,,,,0.0844875346260388,,,,,,,,,,,,,,,,,,,,,,,
[TGCC]7 [TTCC]16,,,,0.00138504155124654,,,,,,,,,,,,,,,,,,,,,,,
[TGCC]7 [TTCC]16 GTCC [TTCC]2,,,,0.0235457063711911,,,,,,,,,,,,,,,,,,,,,,,
[TGCC]7 TCCC [TTCC]11,,,,0.00138504155124654,,,,,,,,,,,,,,,,,,,,,,,
[TGCC]7 TCCC [TTCC]12,,,,0.0138504155124654,,,,,,,,,,,,,,,,,,,,,,,
[TGCC]8 [TTCC]12,,,,0.00138504155124654,,,,,,,,,,,,,,,,,,,,,,,
[TGCC]8 [TTCC]13 GTCC [TTCC]2,,,,0.00277008310249307,,,,,,,,,,,,,,,,,,,,,,,
[TGCC]8 [TTCC]14 GTCC [TTCC]2,,,,0.0124653739612188,,,,,,,,,,,,,,,,,,,,,,,
[TGCC]8 [TTCC]15 GTCC [TTCC]2,,,,0.00554016620498615,,,,,,,,,,,,,,,,,,,,,,,
[TGCC]9 [TTCC]12,,,,0.00138504155124654,,,,,,,,,,,,,,,,,,,,,,,
[TTTC]3 TTTT TT [CTTT]14 CTCC [TTCC]2,,,,,,,0.00554016620498615,,,,,,,,,,,,,,,,,,,,
[TTTC]3 TTTT TT [CTTT]15 CTCC [TTCC]2,,,,,,,0.0124653739612188,,,,,,,,,,,,,,,,,,,,
[TTTC]3 TTTT TT [CTTT]16 CTCC [TTCC]2,,,,,,,0.00277008310249307,,,,,,,,,,,,,,,,,,,,
[TTTC]3 TTTT TT [CTTT]17 CTCC [TTCC]2,,,,,,,0.00138504155124654,,,,,,,,,,,,,,,,,,,,
[TTTC]3 TTTT TTCC [CTTT]18 CTCC [TTCC]2,,,,,,,0.0124653739612188,,,,,,,,,,,,,,,,,,,,
[TTTC]3 TTTT TTCT [CTTT]10 CTCC [TTCC]2,,,,,,,0.0249307479224377,,,,,,,,,,,,,,,,,,,,
[TTTC]3 TTTT TTCT [CTTT]11 CTCC [TTCC]2,,,,,,,0.0498614958448753,,,,,,,,,,,,,,,,,,,,
[TTTC]3 TTTT TTCT [CTTT]12 CTCC [TTCC]2,,,,,,,0.123268698060942,,,,,,,,,,,,,,,,,,,,
[TTTC]3 TTTT TTCT [CTTT]13 CTCC [TTCC]2,,,,,,,0.178670360110803,,,,,,,,,,,,,,,,,,,,
[TTTC]3 TTTT TTCT [CTTT]14 CTCC [TTCC]2,,,,,,,0.204986149584488,,,,,,,,,,,,,,,,,,,,
[TTTC]3 TTTT TTCT [CTTT]15 CTCC [TTCC]2,,,,,,,0.152354570637119,,,,,,,,,,,,,,,,,,,,
[TTTC]3 TTTT TTCT [CTTT]15 GTTT CTTT CTCC [TTCC]2,,,,,,,0.00138504155124654,,,,,,,,,,,,,,,,,,,,
[TTTC]3 TTTT TTCT [CTTT]16 CTCC [TTCC]2,,,,,,,0.134349030470914,,,,,,,,,,,,,,,,,,,,
[TTTC]3 TTTT TTCT [CTTT]16 GTTT CTTT CTCC [TTCC]2,,,,,,,0.00138504155124654,,,,,,,,,,,,,,,,,,,,
[TTTC]3 TTTT TTCT [CTTT]17 CTCC [TTCC]2,,,,,,,0.0775623268698061,,,,,,,,,,,,,,,,,,,,
[TTTC]3 TTTT TTCT [CTTT]18 CTCC [TTCC]2,,,,,,,0.0124653739612188,,,,,,,,,,,,,,,,,,,,
[TTTC]3 TTTT TTCT [CTTT]19 CTCC [TTCC]2,,,,,,,0.00415512465373961,,,,,,,,,,,,,,,,,,,,
A [TCTA]9,,,0.00138504155124654,,,,,,,,,,,,,,,,,,,,,,,,
AAAAG [AAAGA]10,,,,,,,,,,,,,,,,,,,,,,,,,,0.115598885793872,
AAAAG [AAAGA]11,,,,,,,,,,,,,,,,,,,,,,,,,,0.126740947075209,
AAAAG [AAAGA]12,,,,,,,,,,,,,,,,,,,,,,,,,,0.228412256267409,
AAAAG [AAAGA]13,,,,,,,,,,,,,,,,,,,,,,,,,,0.197771587743733,
AAAAG [AAAGA]14,,,,,,,,,,,,,,,,,,,,,,,,,,0.0612813370473538,
AAAAG [AAAGA]15,,,,,,,,,,,,,,,,,,,,,,,,,,0.00974930362116992,
AAAAG [AAAGA]16,,,,,,,,,,,,,,,,,,,,,,,,,,0.00278551532033426,
AAAAG [AAAGA]17,,,,,,,,,,,,,,,,,,,,,,,,,,0.00139275766016713,
AAAAG [AAAGA]6,,,,,,,,,,,,,,,,,,,,,,,,,,0.00417827298050139,
AAAAG [AAAGA]7,,,,,,,,,,,,,,,,,,,,,,,,,,0.00417827298050139,
AAAAG [AAAGA]8,,,,,,,,,,,,,,,,,,,,,,,,,,0.020891364902507,
AAAAG [AAAGA]9,,,,,,,,,,,,,,,,,,,,,,,,,,0.222841225626741,
AAGA [AAAGA]15,,,,,,,,,,,,,,,,,,,0.00138504155124654,,,,,,,,
AAGG AA AAGG TAGG [AAGG]11 AGAG AGGA AGAA AGAG AG,,,,,,,,,,,,,,,,,,,,,,,0.00138504155124654,,,,
AAGG AA AAGG TAGG [AAGG]12 AGAG AGGA AGAA AGAG AG,,,,,,,,,,,,,,,,,,,,,,,0.00415512465373961,,,,
AAGG AA AAGG TAGG [AAGG]13 AGAG AGGA AGAA AGAG AG,,,,,,,,,,,,,,,,,,,,,,,0.0235457063711911,,,,
AAGG AA AAGG TAGG [AAGG]14 AGAG AGGA AGAA AGAG AG,,,,,,,,,,,,,,,,,,,,,,,0.03601108033241,,,,
AAGG AA AAGG TAGG [AAGG]15 AGAG AGGA AGAA AGAG AG,,,,,,,,,,,,,,,,,,,,,,,0.0152354570637119,,,,
AAGG AA AAGG TAGG [AAGG]16 AGAG AGGA AGAA AGAG AG,,,,,,,,,,,,,,,,,,,,,,,0.00138504155124654,,,,
AAGG AA AAGG TAGG [AAGG]17 AGAG AGGA AGAA AGAG AG,,,,,,,,,,,,,,,,,,,,,,,0.00138504155124654,,,,
AAGG AAAG [AAGG]13 AGAG AGGA AGAA AGAG AG,,,,,,,,,,,,,,,,,,,,,,,0.00277008310249307,,,,
AAGG AAAG [AAGG]14 AGAG AGGA AGAA AGAG AG,,,,,,,,,,,,,,,,,,,,,,,0.00138504155124654,,,,
AAGG AAAG AAGG TAGG [AAGG]10 AGAG AGGA AGAA AGAG AG,,,,,,,,,,,,,,,,,,,,,,,0.0706371191135734,,,,
AAGG AAAG AAGG TAGG [AAGG]11 AGAG AGGA AGAA AGAG AG,,,,,,,,,,,,,,,,,,,,,,,0.25207756232687,,,,
AAGG AAAG AAGG TAGG [AAGG]12 AG AGGA AGAA AGAG AG,,,,,,,,,,,,,,,,,,,,,,,0.00277008310249307,,,,
AAGG AAAG AAGG TAGG [AAGG]12 AGAG AGGA AGAA AGAG AG,,,,,,,,,,,,,,,,,,,,,,,0.3601108033241,,,,
AAGG AAAG AAGG TAGG [AAGG]13 AGAG AGGA AGAA AGAG AG,,,,,,,,,,,,,,,,,,,,,,,0.156509695290859,,,,
AAGG AAAG AAGG TAGG [AAGG]14 AGAG AGGA AGAA AGAG AG,,,,,,,,,,,,,,,,,,,,,,,0.056786703601108,,,,
AAGG AAAG AAGG TAGG [AAGG]15 AGAG AGGA AGAA AGAG AG,,,,,,,,,,,,,,,,,,,,,,,0.00692520775623269,,,,
AAGG AAAG AAGG TAGG [AAGG]8 AGAG AGGA AGAA AGAG AG,,,,,,,,,,,,,,,,,,,,,,,0.00138504155124654,,,,
AAGG AAAG AAGG TAGG [AAGG]9 AGAG AGGA AGAA AGAG AG,,,,,,,,,,,,,,,,,,,,,,,0.00554016620498615,,,,
ACTA [TCTG]4 [TCTA]15 TCCA TCTA,,,,,,,,,,,,,,,,0.00346260387811634,,,,,,,,,,,
AGAA AGCA [AGAA]12 AAAG AGAG AG,,,,,,,,,,,,,,,,,,,,,,0.0124653739612188,,,,,
AGAA AGCA [AGAA]13 AAAG AGAG AG,,,,,,,,,,,,,,,,,,,,,,0.00138504155124654,,,,,
AGAT GAT [AGAT]10 [AGAC]7 AGAT,,,,,,,,,,,,,,,,,0.00277008310249307,,,,,,,,,,
AGAT GAT [AGAT]8 [AGAC]7 AGAT,,,,,,,,,,,,,,,,,0.0207756232686981,,,,,,,,,,
AGAT GAT [AGAT]9 [AGAC]7 AGAT,,,,,,,,,,,,,,,,,0.0249307479224377,,,,,,,,,,
AGGT [AGAT]10 [AGAC]9,,,,,,,,,,,,,,,,,0.00415512465373961,,,,,,,,,,
AGGT [AGAT]11 [AGAC]6 AGAT,,,,,,,,,,,,,,,,,0.00138504155124654,,,,,,,,,,
AGGT [AGAT]14 [AGAC]8 AGAT,,,,,,,,,,,,,,,,,0.00138504155124654,,,,,,,,,,
AGGT [AGAT]15 [AGAC]8 AGAT,,,,,,,,,,,,,,,,,0.00277008310249307,,,,,,,,,,
AGGT [AGAT]16 [AGAC]8 AGAT,,,,,,,,,,,,,,,,,0.00138504155124654,,,,,,,,,,
AGGT [AGAT]17 [AGAC]8 AGAT,,,,,,,,,,,,,,,,,0.00138504155124654,,,,,,,,,,
ATCT GTCT [ATCT]7,,,,,,0.0221606648199446,,,,,,,,,,,,,,,,,,,,,
GA [AAAGA]3,,,,,,,,,,,,,,,,,,,,,,,,,,0.00417827298050139,
GGTA [GATA]8,,,,,,,,,,,,,,,,,,,,0.00138504155124654,,,,,,,
TAGA TCGA [TAGA]10,,,,,,,,,,,,,0.235783633841886,,,,,,,,,,,,,,
TAGA TCGA [TAGA]11,,,,,,,,,,,,,0.245492371705964,,,,,,,,,,,,,,
TAGA TCGA [TAGA]12,,,,,,,,,,,,,0.0388349514563107,,,,,,,,,,,,,,
TAGA TCGA [TAGA]13,,,,,,,,,,,,,0.00416088765603329,,,,,,,,,,,,,,
TAGA TCGA [TAGA]7,,,,,,,,,,,,,0.00832177531206657,,,,,,,,,,,,,,
TAGA TCGA [TAGA]8,,,,,,,,,,,,,0.0013869625520111,,,,,,,,,,,,,,
TAGA TCGA [TAGA]9,,,,,,,,,,,,,0.0443828016643551,,,,,,,,,,,,,,
TCTA [TCTG]2 [TCTA]10,,,,,0.0013869625520111,,,,,,,0.00138504155124654,,,,,,,,,,,,,,,
TCTA [TCTG]2 [TCTA]11,,,,,0.106796116504854,,,,,,,,,,,,,,,,,,,,,,
TCTA [TCTG]2 [TCTA]12,,,,,0.230235783633842,,,,,,,,,,,,,,,,,,,,,,
TCTA [TCTG]2 [TCTA]13,,,,,0.148404993065187,,,,,,,,,,,,,,,,,,,,,,
TCTA [TCTG]2 [TCTA]14,,,,,0.0929264909847434,,,,,,,,,,,,,,,,,,,,,,
TCTA [TCTG]2 [TCTA]15,,,,,0.0110957004160888,,,,,,,,,,,,,,,,,,,,,,
TCTA [TCTG]2 [TCTA]17,,,,,0.0013869625520111,,,,,,,,,,,,,,,,,,,,,,
TCTA [TCTG]2 [TCTA]8,,,,,0.0013869625520111,,,,,,,,,,,,,,,,,,,,,,
TCTA [TCTG]3 [TCTA]10 TCCA TCTA,,,,,,,,,,,,,,,,0.0124653739612188,,,,,,,,,,,
TCTA [TCTG]3 [TCTA]11,,,,,0.0110957004160888,,,,,,,,,,,,,,,,,,,,,,
TCTA [TCTG]3 [TCTA]11 TCCA TCTA,,,,,,,,,,,,,,,,0.0803324099722992,,,,,,,,,,,
TCTA [TCTG]3 [TCTA]12,,,,,0.0735090152565881,,,,,,,,,,,,,,,,,,,,,,
TCTA [TCTG]3 [TCTA]12 TCCA TCTA,,,,,,,,,,,,,,,,0.038781163434903,,,,,,,,,,,
TCTA [TCTG]3 [TCTA]13,,,,,0.109570041608877,,,,,,,,,,,,,,,,,,,,,,
TCTA [TCTG]3 [TCTA]13 TCCA TCTA,,,,,,,,,,,,,,,,0.00761772853185596,,,,,,,,,,,
TCTA [TCTG]3 [TCTA]14,,,,,0.13869625520111,,,,,,,,,,,,,,,,,,,,,,
TCTA [TCTG]3 [TCTA]14 TCCA TCTA,,,,,,,,,,,,,,,,0.0124653739612188,,,,,,,,,,,
TCTA [TCTG]3 [TCTA]15,,,,,0.0166435506241331,,,,,,,,,,,,,,,,,,,,,,
TCTA [TCTG]3 [TCTA]15 TCCA TCTA,,,,,,,,,,,,,,,,0.00138504155124654,,,,,,,,,,,
TCTA [TCTG]3 [TCTA]9 TCCA TCTA,,,,,,,,,,,,,,,,0.00138504155124654,,,,,,,,,,,
TCTA [TCTG]3 TCTA TCTG [TCTA]10,,,,,0.00277392510402219,,,,,,,,,,,,,,,,,,,,,,
TCTA [TCTG]4 [TCTA]10 TCCA TCTA,,,,,,,,,,,,,,,,0.0235457063711911,,,,,,,,,,,
TCTA [TCTG]4 [TCTA]11 TCCA TCTA,,,,,,,,,,,,,,,,0.162049861495845,,,,,,,,,,,
TCTA [TCTG]4 [TCTA]12,,,,,0.0013869625520111,,,,,,,,,,,,,,,,,,,,,,
TCTA [TCTG]4 [TCTA]12 TCCA TCTA,,,,,,,,,,,,,,,,0.267313019390582,,,,,,,,,,,
TCTA [TCTG]4 [TCTA]13 TCCA TCTA,,,,,,,,,,,,,,,,0.185595567867036,,,,,,,,,,,
TCTA [TCTG]4 [TCTA]14 TCCA TCTA,,,,,,,,,,,,,,,,0.0969529085872576,,,,,,,,,,,
TCTA [TCTG]4 [TCTA]15 TCCA TCTA,,,,,,,,,,,,,,,,0.00346260387811634,,,,,,,,,,,
TCTA [TCTG]4 [TCTA]16 TCCA TCTA,,,,,,,,,,,,,,,,0.00138504155124654,,,,,,,,,,,
TCTA [TCTG]4 [TCTA]7 TCCA TCTA,,,,,,,,,,,,,,,,0.00138504155124654,,,,,,,,,,,
TCTA [TCTG]5 [TCTA]12 TCCA TCTA,,,,,,,,,,,,,,,,0.00415512465373961,,,,,,,,,,,
TCTA [TCTG]5 [TCTA]13 TCCA TCTA,,,,,,,,,,,,,,,,0.00554016620498615,,,,,,,,,,,
TCTA TCTG [TCTA]10,,,,,,,,,,,,0.00415512465373961,,,,,,,,,,,,,,,
TCTA TCTG [TCTA]11,,,,,,,,,,,,0.24792243767313,,,,,,,,,,,,,,,
TCTA TCTG [TCTA]12,,,,,,,,,,,,0.114958448753463,,,,,,,,,,,,,,,
TCTA TCTG [TCTA]13,,,,,0.0319001386962552,,,,,,,0.0457063711911357,,,,,,,,,,,,,,,
TCTA TCTG [TCTA]14,,,,,0.013869625520111,,,,,,,0.00415512465373961,,,,,,,,,,,,,,,
TCTA TCTG [TCTA]15,,,,,0.00693481276005548,,,,,,,,,,,,,,,,,,,,,,
TCTA TCTG TCTA [TCTG]4 [TCTA]3 TCCA [TCTA]3 [TCCA]2,,,,,,,,,,,,,,,,0.0803324099722992,,,,,,,,,,,
TCTA TCTG TCTA [TCTG]4 [TCTA]3 TCCA [TCTA]3 [TCCA]3,,,,,,,,,,,,,,,,0.00138504155124654,,,,,,,,,,,
TCTA TCTG TGTA [TCTA]11,,,,,,,,,,,,0.00415512465373961,,,,,,,,,,,,,,,
TCTC [TCTG]3 [TCTA]13 TCCA TCTA,,,,,,,,,,,,,,,,0.00761772853185596,,,,,,,,,,,
